категория,подкатегория,марка,название,описание,диаметр,цена,единица,в_наличии,рейтинг,отзывы,фото,ключевые_слова,spec_Марка,spec_Размер,spec_ГОСТ,spec_Единица
Трубы,ТРУБЫ НЕРЖАВ. БЕСШОВНЫЕ,57 12Х18Н10Т,Трубы Нержав. Бесшовные 4 57 12Х18Н10Т,"ТРУБЫ НЕРЖАВ. БЕСШОВНЫЕ марки 57 12Х18Н10Т, размер 4",4,2789,м,1,0,0,https://www.kavstal.ru/public/assets/images/products/TRUBY/TRUBY_NERZHAV_BESSHOVNYE/img.webp,трубы;трубы нержав. бесшовные;57 12х18н10т;4;нержав;бесшовные;57;12х18н10т,57 12Х18Н10Т,4,,м
Трубы,ТРУБЫ НЕРЖАВ. БЕСШОВНЫЕ,76 12Х18Н10Т,"Трубы Нержав. Бесшовные 3,5 76 12Х18Н10Т","ТРУБЫ НЕРЖАВ. БЕСШОВНЫЕ марки 76 12Х18Н10Т, размер 3,5",3,3339,м,1,0,0,https://www.kavstal.ru/public/assets/images/products/TRUBY/TRUBY_NERZHAV_BESSHOVNYE/img.webp,трубы;трубы нержав. бесшовные;76 12х18н10т;3;5;нержав;бесшовные;76;12х18н10т,76 12Х18Н10Т,"3,5",,м
Инженерные системы,ДЕТАЛИ ТРУБОПРОВОДОВ - ФЛАНЕЦ,12Х18Н10Т 150x25x11,Детали Трубопроводов - Фланец 150 12Х18Н10Т 150x25x11,"ДЕТАЛИ ТРУБОПРОВОДОВ - ФЛАНЕЦ марки 12Х18Н10Т 150x25x11, размер 150",150,16078,шт,1,0,0,https://www.kavstal.ru/public/assets/images/products/INZHENERNYE_SISTEMY/DETALI_TRUBOPROVODOV_FLANETS/img.webp,трубы;детали трубопроводов - фланец;12х18н10т 150x25x11;150;детали;трубопроводов;фланец;12х18н10т;150x25x11,12Х18Н10Т 150x25x11,150,,шт
Инженерные системы,ДЕТАЛИ ТРУБОПРОВОДОВ - ОТВОД,12Х18Н10Т 90° 102x7 импорт,Детали Трубопроводов - Отвод 102 12Х18Н10Т 90° 102x7 импорт,"ДЕТАЛИ ТРУБОПРОВОДОВ - ОТВОД марки 12Х18Н10Т 90° 102x7 импорт, размер 102",102,2174,шт,1,0,0,https://www.kavstal.ru/public/assets/images/products/INZHENERNYE_SISTEMY/DETALI_TRUBOPROVODOV_OTVOD/img.webp,трубы;детали трубопроводов - отвод;12х18н10т 90° 102x7 импорт;102;детали;трубопроводов;отвод;12х18н10т;90°;102x7;импорт,12Х18Н10Т 90° 102x7 импорт,102,,шт
Инженерные системы,ДЕТАЛИ ТРУБОПРОВОДОВ - ОТВОД,12Х18Н10Т 90° 108x4 импорт,Детали Трубопроводов - Отвод 108 12Х18Н10Т 90° 108x4 импорт,"ДЕТАЛИ ТРУБОПРОВОДОВ - ОТВОД марки 12Х18Н10Т 90° 108x4 импорт, размер 108",108,2582,шт,1,0,0,https://www.kavstal.ru/public/assets/images/products/INZHENERNYE_SISTEMY/DETALI_TRUBOPROVODOV_OTVOD/img.webp,трубы;детали трубопроводов - отвод;12х18н10т 90° 108x4 импорт;108;детали;трубопроводов;отвод;12х18н10т;90°;108x4;импорт,12Х18Н10Т 90° 108x4 импорт,108,,шт
Инженерные системы,ДЕТАЛИ ТРУБОПРОВОДОВ - ОТВОД,12Х18Н10Т 90° 108x4.5 импорт,Детали Трубопроводов - Отвод 108 12Х18Н10Т 90° 108x4.5 импорт,"ДЕТАЛИ ТРУБОПРОВОДОВ - ОТВОД марки 12Х18Н10Т 90° 108x4.5 импорт, размер 108",108,2475,шт,1,0,0,https://www.kavstal.ru/public/assets/images/products/INZHENERNYE_SISTEMY/DETALI_TRUBOPROVODOV_OTVOD/img.webp,трубы;детали трубопроводов - отвод;12х18н10т 90° 108x4.5 импорт;108;детали;трубопроводов;отвод;12х18н10т;90°;108x4.5;импорт,12Х18Н10Т 90° 108x4.5 импорт,108,,шт
Инженерные системы,ДЕТАЛИ ТРУБОПРОВОДОВ - ОТВОД,12Х18Н10Т 90° 108x5,Детали Трубопроводов - Отвод 108 12Х18Н10Т 90° 108x5,"ДЕТАЛИ ТРУБОПРОВОДОВ - ОТВОД марки 12Х18Н10Т 90° 108x5, размер 108",108,3785,шт,1,0,0,https://www.kavstal.ru/public/assets/images/products/INZHENERNYE_SISTEMY/DETALI_TRUBOPROVODOV_OTVOD/img.webp,трубы;детали трубопроводов - отвод;12х18н10т 90° 108x5;108;детали;трубопроводов;отвод;12х18н10т;90°;108x5,12Х18Н10Т 90° 108x5,108,,шт
Инженерные системы,ДЕТАЛИ ТРУБОПРОВОДОВ - ОТВОД,12Х18Н10Т 90° 108x5 импорт,Детали Трубопроводов - Отвод 108 12Х18Н10Т 90° 108x5 импорт,"ДЕТАЛИ ТРУБОПРОВОДОВ - ОТВОД марки 12Х18Н10Т 90° 108x5 импорт, размер 108",108,2646,шт,1,0,0,https://www.kavstal.ru/public/assets/images/products/INZHENERNYE_SISTEMY/DETALI_TRUBOPROVODOV_OTVOD/img.webp,трубы;детали трубопроводов - отвод;12х18н10т 90° 108x5 импорт;108;детали;трубопроводов;отвод;12х18н10т;90°;108x5;импорт,12Х18Н10Т 90° 108x5 импорт,108,,шт
Инженерные системы,ДЕТАЛИ ТРУБОПРОВОДОВ - ОТВОД,12Х18Н10Т 90° 108x6 импорт,Детали Трубопроводов - Отвод 108 12Х18Н10Т 90° 108x6 импорт,"ДЕТАЛИ ТРУБОПРОВОДОВ - ОТВОД марки 12Х18Н10Т 90° 108x6 импорт, размер 108",108,3050,шт,1,0,0,https://www.kavstal.ru/public/assets/images/products/INZHENERNYE_SISTEMY/DETALI_TRUBOPROVODOV_OTVOD/img.webp,трубы;детали трубопроводов - отвод;12х18н10т 90° 108x6 импорт;108;детали;трубопроводов;отвод;12х18н10т;90°;108x6;импорт,12Х18Н10Т 90° 108x6 импорт,108,,шт
Инженерные системы,ДЕТАЛИ ТРУБОПРОВОДОВ - ОТВОД,12Х18Н10Т 90° 108x8 импорт,Детали Трубопроводов - Отвод 108 12Х18Н10Т 90° 108x8 импорт,"ДЕТАЛИ ТРУБОПРОВОДОВ - ОТВОД марки 12Х18Н10Т 90° 108x8 импорт, размер 108",108,3857,шт,1,0,0,https://www.kavstal.ru/public/assets/images/products/INZHENERNYE_SISTEMY/DETALI_TRUBOPROVODOV_OTVOD/img.webp,трубы;детали трубопроводов - отвод;12х18н10т 90° 108x8 импорт;108;детали;трубопроводов;отвод;12х18н10т;90°;108x8;импорт,12Х18Н10Т 90° 108x8 импорт,108,,шт
Инженерные системы,ДЕТАЛИ ТРУБОПРОВОДОВ - ОТВОД,12Х18Н10Т 90° 159x4.5 импорт,Детали Трубопроводов - Отвод 159 12Х18Н10Т 90° 159x4.5 импорт,"ДЕТАЛИ ТРУБОПРОВОДОВ - ОТВОД марки 12Х18Н10Т 90° 159x4.5 импорт, размер 159",159,7538,шт,1,0,0,https://www.kavstal.ru/public/assets/images/products/INZHENERNYE_SISTEMY/DETALI_TRUBOPROVODOV_OTVOD/img.webp,трубы;детали трубопроводов - отвод;12х18н10т 90° 159x4.5 импорт;159;детали;трубопроводов;отвод;12х18н10т;90°;159x4.5;импорт,12Х18Н10Т 90° 159x4.5 импорт,159,,шт
Инженерные системы,ДЕТАЛИ ТРУБОПРОВОДОВ - ОТВОД,12Х18Н10Т 90° 159x6 импорт,Детали Трубопроводов - Отвод 159 12Х18Н10Т 90° 159x6 импорт,"ДЕТАЛИ ТРУБОПРОВОДОВ - ОТВОД марки 12Х18Н10Т 90° 159x6 импорт, размер 159",159,6817,шт,1,0,0,https://www.kavstal.ru/public/assets/images/products/INZHENERNYE_SISTEMY/DETALI_TRUBOPROVODOV_OTVOD/img.webp,трубы;детали трубопроводов - отвод;12х18н10т 90° 159x6 импорт;159;детали;трубопроводов;отвод;12х18н10т;90°;159x6;импорт,12Х18Н10Т 90° 159x6 импорт,159,,шт
Инженерные системы,ДЕТАЛИ ТРУБОПРОВОДОВ - ОТВОД,12Х18Н10Т 90° 168x6 импорт,Детали Трубопроводов - Отвод 168 12Х18Н10Т 90° 168x6 импорт,"ДЕТАЛИ ТРУБОПРОВОДОВ - ОТВОД марки 12Х18Н10Т 90° 168x6 импорт, размер 168",168,7159,шт,1,0,0,https://www.kavstal.ru/public/assets/images/products/INZHENERNYE_SISTEMY/DETALI_TRUBOPROVODOV_OTVOD/img.webp,трубы;детали трубопроводов - отвод;12х18н10т 90° 168x6 импорт;168;детали;трубопроводов;отвод;12х18н10т;90°;168x6;импорт,12Х18Н10Т 90° 168x6 импорт,168,,шт
Инженерные системы,ДЕТАЛИ ТРУБОПРОВОДОВ - ОТВОД,12Х18Н10Т 90° 219x10 импорт,Детали Трубопроводов - Отвод 219 12Х18Н10Т 90° 219x10 импорт,"ДЕТАЛИ ТРУБОПРОВОДОВ - ОТВОД марки 12Х18Н10Т 90° 219x10 импорт, размер 219",219,28648,шт,1,0,0,https://www.kavstal.ru/public/assets/images/products/INZHENERNYE_SISTEMY/DETALI_TRUBOPROVODOV_OTVOD/img.webp,трубы;детали трубопроводов - отвод;12х18н10т 90° 219x10 импорт;219;детали;трубопроводов;отвод;12х18н10т;90°;219x10;импорт,12Х18Н10Т 90° 219x10 импорт,219,,шт
Инженерные системы,ДЕТАЛИ ТРУБОПРОВОДОВ - ОТВОД,12Х18Н10Т 90° 219x6 импорт,Детали Трубопроводов - Отвод 219 12Х18Н10Т 90° 219x6 импорт,"ДЕТАЛИ ТРУБОПРОВОДОВ - ОТВОД марки 12Х18Н10Т 90° 219x6 импорт, размер 219",219,12153,шт,1,0,0,https://www.kavstal.ru/public/assets/images/products/INZHENERNYE_SISTEMY/DETALI_TRUBOPROVODOV_OTVOD/img.webp,трубы;детали трубопроводов - отвод;12х18н10т 90° 219x6 импорт;219;детали;трубопроводов;отвод;12х18н10т;90°;219x6;импорт,12Х18Н10Т 90° 219x6 импорт,219,,шт
Инженерные системы,ДЕТАЛИ ТРУБОПРОВОДОВ - ОТВОД,12Х18Н10Т 90° 219x8 импорт,Детали Трубопроводов - Отвод 219 12Х18Н10Т 90° 219x8 импорт,"ДЕТАЛИ ТРУБОПРОВОДОВ - ОТВОД марки 12Х18Н10Т 90° 219x8 импорт, размер 219",219,15643,шт,1,0,0,https://www.kavstal.ru/public/assets/images/products/INZHENERNYE_SISTEMY/DETALI_TRUBOPROVODOV_OTVOD/img.webp,трубы;детали трубопроводов - отвод;12х18н10т 90° 219x8 импорт;219;детали;трубопроводов;отвод;12х18н10т;90°;219x8;импорт,12Х18Н10Т 90° 219x8 импорт,219,,шт
Инженерные системы,ДЕТАЛИ ТРУБОПРОВОДОВ - ОТВОД,12Х18Н10Т 90° 26.9x3.2 импорт,Детали Трубопроводов - Отвод 26.9 12Х18Н10Т 90° 26.9x3.2 импорт,"ДЕТАЛИ ТРУБОПРОВОДОВ - ОТВОД марки 12Х18Н10Т 90° 26.9x3.2 импорт, размер 26.9",26.9,248,шт,1,0,0,https://www.kavstal.ru/public/assets/images/products/INZHENERNYE_SISTEMY/DETALI_TRUBOPROVODOV_OTVOD/img.webp,трубы;детали трубопроводов - отвод;12х18н10т 90° 26.9x3.2 импорт;26;9;детали;трубопроводов;отвод;26.9;12х18н10т;90°;26.9x3.2;импорт,12Х18Н10Т 90° 26.9x3.2 импорт,26.9,,шт
Инженерные системы,ДЕТАЛИ ТРУБОПРОВОДОВ - ОТВОД,12Х18Н10Т 90° 32x3 импорт,Детали Трубопроводов - Отвод 32 12Х18Н10Т 90° 32x3 импорт,"ДЕТАЛИ ТРУБОПРОВОДОВ - ОТВОД марки 12Х18Н10Т 90° 32x3 импорт, размер 32",32,271,шт,1,0,0,https://www.kavstal.ru/public/assets/images/products/INZHENERNYE_SISTEMY/DETALI_TRUBOPROVODOV_OTVOD/img.webp,трубы;детали трубопроводов - отвод;12х18н10т 90° 32x3 импорт;32;детали;трубопроводов;отвод;12х18н10т;90°;32x3;импорт,12Х18Н10Т 90° 32x3 импорт,32,,шт
Инженерные системы,ДЕТАЛИ ТРУБОПРОВОДОВ - ОТВОД,12Х18Н10Т 90° 38x3 импорт,Детали Трубопроводов - Отвод 38 12Х18Н10Т 90° 38x3 импорт,"ДЕТАЛИ ТРУБОПРОВОДОВ - ОТВОД марки 12Х18Н10Т 90° 38x3 импорт, размер 38",38,330,шт,1,0,0,https://www.kavstal.ru/public/assets/images/products/INZHENERNYE_SISTEMY/DETALI_TRUBOPROVODOV_OTVOD/img.webp,трубы;детали трубопроводов - отвод;12х18н10т 90° 38x3 импорт;38;детали;трубопроводов;отвод;12х18н10т;90°;38x3;импорт,12Х18Н10Т 90° 38x3 импорт,38,,шт
Инженерные системы,ДЕТАЛИ ТРУБОПРОВОДОВ - ОТВОД,12Х18Н10Т 90° 45x3 импорт,Детали Трубопроводов - Отвод 45 12Х18Н10Т 90° 45x3 импорт,"ДЕТАЛИ ТРУБОПРОВОДОВ - ОТВОД марки 12Х18Н10Т 90° 45x3 импорт, размер 45",45,490,шт,1,0,0,https://www.kavstal.ru/public/assets/images/products/INZHENERNYE_SISTEMY/DETALI_TRUBOPROVODOV_OTVOD/img.webp,трубы;детали трубопроводов - отвод;12х18н10т 90° 45x3 импорт;45;детали;трубопроводов;отвод;12х18н10т;90°;45x3;импорт,12Х18Н10Т 90° 45x3 импорт,45,,шт
Инженерные системы,ДЕТАЛИ ТРУБОПРОВОДОВ - ОТВОД,12Х18Н10Т 90° 57x3 импорт,Детали Трубопроводов - Отвод 57 12Х18Н10Т 90° 57x3 импорт,"ДЕТАЛИ ТРУБОПРОВОДОВ - ОТВОД марки 12Х18Н10Т 90° 57x3 импорт, размер 57",57,657,шт,1,0,0,https://www.kavstal.ru/public/assets/images/products/INZHENERNYE_SISTEMY/DETALI_TRUBOPROVODOV_OTVOD/img.webp,трубы;детали трубопроводов - отвод;12х18н10т 90° 57x3 импорт;57;детали;трубопроводов;отвод;12х18н10т;90°;57x3;импорт,12Х18Н10Т 90° 57x3 импорт,57,,шт
Инженерные системы,ДЕТАЛИ ТРУБОПРОВОДОВ - ОТВОД,12Х18Н10Т 90° 57x3.5 импорт,Детали Трубопроводов - Отвод 57 12Х18Н10Т 90° 57x3.5 импорт,"ДЕТАЛИ ТРУБОПРОВОДОВ - ОТВОД марки 12Х18Н10Т 90° 57x3.5 импорт, размер 57",57,676,шт,1,0,0,https://www.kavstal.ru/public/assets/images/products/INZHENERNYE_SISTEMY/DETALI_TRUBOPROVODOV_OTVOD/img.webp,трубы;детали трубопроводов - отвод;12х18н10т 90° 57x3.5 импорт;57;детали;трубопроводов;отвод;12х18н10т;90°;57x3.5;импорт,12Х18Н10Т 90° 57x3.5 импорт,57,,шт
Инженерные системы,ДЕТАЛИ ТРУБОПРОВОДОВ - ОТВОД,12Х18Н10Т 90° 57x4.5,Детали Трубопроводов - Отвод 57 12Х18Н10Т 90° 57x4.5,"ДЕТАЛИ ТРУБОПРОВОДОВ - ОТВОД марки 12Х18Н10Т 90° 57x4.5, размер 57",57,1010,шт,1,0,0,https://www.kavstal.ru/public/assets/images/products/INZHENERNYE_SISTEMY/DETALI_TRUBOPROVODOV_OTVOD/img.webp,трубы;детали трубопроводов - отвод;12х18н10т 90° 57x4.5;57;детали;трубопроводов;отвод;12х18н10т;90°;57x4.5,12Х18Н10Т 90° 57x4.5,57,,шт
Инженерные системы,ДЕТАЛИ ТРУБОПРОВОДОВ - ОТВОД,12Х18Н10Т 90° 57x4.5 импорт,Детали Трубопроводов - Отвод 57 12Х18Н10Т 90° 57x4.5 импорт,"ДЕТАЛИ ТРУБОПРОВОДОВ - ОТВОД марки 12Х18Н10Т 90° 57x4.5 импорт, размер 57",57,694,шт,1,0,0,https://www.kavstal.ru/public/assets/images/products/INZHENERNYE_SISTEMY/DETALI_TRUBOPROVODOV_OTVOD/img.webp,трубы;детали трубопроводов - отвод;12х18н10т 90° 57x4.5 импорт;57;детали;трубопроводов;отвод;12х18н10т;90°;57x4.5;импорт,12Х18Н10Т 90° 57x4.5 импорт,57,,шт
Инженерные системы,ДЕТАЛИ ТРУБОПРОВОДОВ - ОТВОД,12Х18Н10Т 90° 57x5 импорт,Детали Трубопроводов - Отвод 57 12Х18Н10Т 90° 57x5 импорт,"ДЕТАЛИ ТРУБОПРОВОДОВ - ОТВОД марки 12Х18Н10Т 90° 57x5 импорт, размер 57",57,774,шт,1,0,0,https://www.kavstal.ru/public/assets/images/products/INZHENERNYE_SISTEMY/DETALI_TRUBOPROVODOV_OTVOD/img.webp,трубы;детали трубопроводов - отвод;12х18н10т 90° 57x5 импорт;57;детали;трубопроводов;отвод;12х18н10т;90°;57x5;импорт,12Х18Н10Т 90° 57x5 импорт,57,,шт
Инженерные системы,ДЕТАЛИ ТРУБОПРОВОДОВ - ОТВОД,12Х18Н10Т 90° 76x3 импорт,Детали Трубопроводов - Отвод 76 12Х18Н10Т 90° 76x3 импорт,"ДЕТАЛИ ТРУБОПРОВОДОВ - ОТВОД марки 12Х18Н10Т 90° 76x3 импорт, размер 76",76,865,шт,1,0,0,https://www.kavstal.ru/public/assets/images/products/INZHENERNYE_SISTEMY/DETALI_TRUBOPROVODOV_OTVOD/img.webp,трубы;детали трубопроводов - отвод;12х18н10т 90° 76x3 импорт;76;детали;трубопроводов;отвод;12х18н10т;90°;76x3;импорт,12Х18Н10Т 90° 76x3 импорт,76,,шт
Инженерные системы,ДЕТАЛИ ТРУБОПРОВОДОВ - ОТВОД,12Х18Н10Т 90° 76x3.5 импорт,Детали Трубопроводов - Отвод 76 12Х18Н10Т 90° 76x3.5 импорт,"ДЕТАЛИ ТРУБОПРОВОДОВ - ОТВОД марки 12Х18Н10Т 90° 76x3.5 импорт, размер 76",76,1074,шт,1,0,0,https://www.kavstal.ru/public/assets/images/products/INZHENERNYE_SISTEMY/DETALI_TRUBOPROVODOV_OTVOD/img.webp,трубы;детали трубопроводов - отвод;12х18н10т 90° 76x3.5 импорт;76;детали;трубопроводов;отвод;12х18н10т;90°;76x3.5;импорт,12Х18Н10Т 90° 76x3.5 импорт,76,,шт
Инженерные системы,ДЕТАЛИ ТРУБОПРОВОДОВ - ОТВОД,12Х18Н10Т 90° 76x4.5 импорт,Детали Трубопроводов - Отвод 76 12Х18Н10Т 90° 76x4.5 импорт,"ДЕТАЛИ ТРУБОПРОВОДОВ - ОТВОД марки 12Х18Н10Т 90° 76x4.5 импорт, размер 76",76,1184,шт,1,0,0,https://www.kavstal.ru/public/assets/images/products/INZHENERNYE_SISTEMY/DETALI_TRUBOPROVODOV_OTVOD/img.webp,трубы;детали трубопроводов - отвод;12х18н10т 90° 76x4.5 импорт;76;детали;трубопроводов;отвод;12х18н10т;90°;76x4.5;импорт,12Х18Н10Т 90° 76x4.5 импорт,76,,шт
Инженерные системы,ДЕТАЛИ ТРУБОПРОВОДОВ - ОТВОД,12Х18Н10Т 90° 76x5 импорт,Детали Трубопроводов - Отвод 76 12Х18Н10Т 90° 76x5 импорт,"ДЕТАЛИ ТРУБОПРОВОДОВ - ОТВОД марки 12Х18Н10Т 90° 76x5 импорт, размер 76",76,1454,шт,1,0,0,https://www.kavstal.ru/public/assets/images/products/INZHENERNYE_SISTEMY/DETALI_TRUBOPROVODOV_OTVOD/img.webp,трубы;детали трубопроводов - отвод;12х18н10т 90° 76x5 импорт;76;детали;трубопроводов;отвод;12х18н10т;90°;76x5;импорт,12Х18Н10Т 90° 76x5 импорт,76,,шт
Инженерные системы,ДЕТАЛИ ТРУБОПРОВОДОВ - ОТВОД,12Х18Н10Т 90° 89x4 импорт,Детали Трубопроводов - Отвод 89 12Х18Н10Т 90° 89x4 импорт,"ДЕТАЛИ ТРУБОПРОВОДОВ - ОТВОД марки 12Х18Н10Т 90° 89x4 импорт, размер 89",89,1727,шт,1,0,0,https://www.kavstal.ru/public/assets/images/products/INZHENERNYE_SISTEMY/DETALI_TRUBOPROVODOV_OTVOD/img.webp,трубы;детали трубопроводов - отвод;12х18н10т 90° 89x4 импорт;89;детали;трубопроводов;отвод;12х18н10т;90°;89x4;импорт,12Х18Н10Т 90° 89x4 импорт,89,,шт
Инженерные системы,ДЕТАЛИ ТРУБОПРОВОДОВ - ОТВОД,12Х18Н10Т 90° 89x4.5 импорт,Детали Трубопроводов - Отвод 89 12Х18Н10Т 90° 89x4.5 импорт,"ДЕТАЛИ ТРУБОПРОВОДОВ - ОТВОД марки 12Х18Н10Т 90° 89x4.5 импорт, размер 89",89,1542,шт,1,0,0,https://www.kavstal.ru/public/assets/images/products/INZHENERNYE_SISTEMY/DETALI_TRUBOPROVODOV_OTVOD/img.webp,трубы;детали трубопроводов - отвод;12х18н10т 90° 89x4.5 импорт;89;детали;трубопроводов;отвод;12х18н10т;90°;89x4.5;импорт,12Х18Н10Т 90° 89x4.5 импорт,89,,шт
Инженерные системы,ДЕТАЛИ ТРУБОПРОВОДОВ - ОТВОД,12Х18Н10Т 90° 89x5 импорт,Детали Трубопроводов - Отвод 89 12Х18Н10Т 90° 89x5 импорт,"ДЕТАЛИ ТРУБОПРОВОДОВ - ОТВОД марки 12Х18Н10Т 90° 89x5 импорт, размер 89",89,1755,шт,1,0,0,https://www.kavstal.ru/public/assets/images/products/INZHENERNYE_SISTEMY/DETALI_TRUBOPROVODOV_OTVOD/img.webp,трубы;детали трубопроводов - отвод;12х18н10т 90° 89x5 импорт;89;детали;трубопроводов;отвод;12х18н10т;90°;89x5;импорт,12Х18Н10Т 90° 89x5 импорт,89,,шт
Инженерные системы,ДЕТАЛИ ТРУБОПРОВОДОВ - ОТВОД,12Х18Н10Т П90° 108x5,Детали Трубопроводов - Отвод 108 12Х18Н10Т П90° 108x5,"ДЕТАЛИ ТРУБОПРОВОДОВ - ОТВОД марки 12Х18Н10Т П90° 108x5, размер 108",108,3785,шт,1,0,0,https://www.kavstal.ru/public/assets/images/products/INZHENERNYE_SISTEMY/DETALI_TRUBOPROVODOV_OTVOD/img.webp,трубы;детали трубопроводов - отвод;12х18н10т п90° 108x5;108;детали;трубопроводов;отвод;12х18н10т;п90°;108x5,12Х18Н10Т П90° 108x5,108,,шт
Трубы,ТРУБЫ ЭЛЕКТРОСВАРНЫЕ ПРЯМОУГ,40x20,Трубы Электросварные Прямоуг 2 40x20,"ТРУБЫ ЭЛЕКТРОСВАРНЫЕ ПРЯМОУГ марки 40x20, размер 2",2,102,м,1,0,0,https://www.kavstal.ru/public/assets/images/products/TRUBY/TRUBY_ELEKTROSVARNYE_PRYAMOUG/img.jpg,трубы;трубы электросварные прямоуг;40x20;2;электросварные;прямоуг,40x20,2,,м
Нержавеющая сталь,ПРОВОЛОКА НЕРЖАВЕЮЩАЯ,12Х18Н10Т,Проволока Нержавеющая 0.11 12Х18Н10Т,"ПРОВОЛОКА НЕРЖАВЕЮЩАЯ марки 12Х18Н10Т, размер 0.11",0.11,594,кг,1,0,0,https://www.kavstal.ru/public/assets/images/products/NERZHAVEYUSHCHAYA_STAL/PROVOLKA_NERZHAVEYUSHCHAYA/img.webp,трубы;проволока нержавеющая;12х18н10т;11;проволока;нержавеющая;0.11,12Х18Н10Т,0.11,,кг
Нержавеющая сталь,ПРОВОЛОКА НЕРЖАВЕЮЩАЯ,12Х18Н10Т,Проволока Нержавеющая 0.13 12Х18Н10Т,"ПРОВОЛОКА НЕРЖАВЕЮЩАЯ марки 12Х18Н10Т, размер 0.13 ; 0.14; 0.16",0.13,573,кг,1,0,0,https://www.kavstal.ru/public/assets/images/products/NERZHAVEYUSHCHAYA_STAL/PROVOLKA_NERZHAVEYUSHCHAYA/img.webp,трубы;проволока нержавеющая;12х18н10т;13;14;16;проволока;нержавеющая;0.13,12Х18Н10Т,0.13 ; 0.14; 0.16,,кг
Нержавеющая сталь,ПРОВОЛОКА НЕРЖАВЕЮЩАЯ,12Х18Н10Т,Проволока Нержавеющая 0.2 12Х18Н10Т,"ПРОВОЛОКА НЕРЖАВЕЮЩАЯ марки 12Х18Н10Т, размер 0.2",0.2,460,кг,1,0,0,https://www.kavstal.ru/public/assets/images/products/NERZHAVEYUSHCHAYA_STAL/PROVOLKA_NERZHAVEYUSHCHAYA/img.webp,трубы;проволока нержавеющая;12х18н10т;2;проволока;нержавеющая;0.2,12Х18Н10Т,0.2,,кг
Нержавеющая сталь,ПРОВОЛОКА НЕРЖАВЕЮЩАЯ,12Х18Н10Т,Проволока Нержавеющая 0.22 12Х18Н10Т,"ПРОВОЛОКА НЕРЖАВЕЮЩАЯ марки 12Х18Н10Т, размер 0.22",0.22,454,кг,1,0,0,https://www.kavstal.ru/public/assets/images/products/NERZHAVEYUSHCHAYA_STAL/PROVOLKA_NERZHAVEYUSHCHAYA/img.webp,трубы;проволока нержавеющая;12х18н10т;22;проволока;нержавеющая;0.22,12Х18Н10Т,0.22,,кг
Нержавеющая сталь,ПРОВОЛОКА НЕРЖАВЕЮЩАЯ,12Х18Н10Т,Проволока Нержавеющая 0.24 12Х18Н10Т,"ПРОВОЛОКА НЕРЖАВЕЮЩАЯ марки 12Х18Н10Т, размер 0.24",0.24,438,кг,1,0,0,https://www.kavstal.ru/public/assets/images/products/NERZHAVEYUSHCHAYA_STAL/PROVOLKA_NERZHAVEYUSHCHAYA/img.webp,трубы;проволока нержавеющая;12х18н10т;24;проволока;нержавеющая;0.24,12Х18Н10Т,0.24,,кг
Нержавеющая сталь,ПРОВОЛОКА НЕРЖАВЕЮЩАЯ,12Х18Н10Т,Проволока Нержавеющая 0.25 12Х18Н10Т,"ПРОВОЛОКА НЕРЖАВЕЮЩАЯ марки 12Х18Н10Т, размер 0.25",0.25,430,кг,1,0,0,https://www.kavstal.ru/public/assets/images/products/NERZHAVEYUSHCHAYA_STAL/PROVOLKA_NERZHAVEYUSHCHAYA/img.webp,трубы;проволока нержавеющая;12х18н10т;25;проволока;нержавеющая;0.25,12Х18Н10Т,0.25,,кг
Нержавеющая сталь,ПРОВОЛОКА НЕРЖАВЕЮЩАЯ,12Х18Н10Т,Проволока Нержавеющая 0.28 12Х18Н10Т,"ПРОВОЛОКА НЕРЖАВЕЮЩАЯ марки 12Х18Н10Т, размер 0.28",0.28,418,кг,1,0,0,https://www.kavstal.ru/public/assets/images/products/NERZHAVEYUSHCHAYA_STAL/PROVOLKA_NERZHAVEYUSHCHAYA/img.webp,трубы;проволока нержавеющая;12х18н10т;28;проволока;нержавеющая;0.28,12Х18Н10Т,0.28,,кг
Нержавеющая сталь,ПРОВОЛОКА НЕРЖАВЕЮЩАЯ,12Х18Н10Т,Проволока Нержавеющая 0.3 12Х18Н10Т,"ПРОВОЛОКА НЕРЖАВЕЮЩАЯ марки 12Х18Н10Т, размер 0.3",0.3,150,кг,1,0,0,https://www.kavstal.ru/public/assets/images/products/NERZHAVEYUSHCHAYA_STAL/PROVOLKA_NERZHAVEYUSHCHAYA/img.webp,трубы;проволока нержавеющая;12х18н10т;3;проволока;нержавеющая;0.3,12Х18Н10Т,0.3,,кг
Нержавеющая сталь,ПРОВОЛОКА НЕРЖАВЕЮЩАЯ,12Х18Н10Т,Проволока Нержавеющая 0.32 12Х18Н10Т,"ПРОВОЛОКА НЕРЖАВЕЮЩАЯ марки 12Х18Н10Т, размер 0.32 ; 0.36",0.32,407,кг,1,0,0,https://www.kavstal.ru/public/assets/images/products/NERZHAVEYUSHCHAYA_STAL/PROVOLKA_NERZHAVEYUSHCHAYA/img.webp,трубы;проволока нержавеющая;12х18н10т;32;36;проволока;нержавеющая;0.32,12Х18Н10Т,0.32 ; 0.36,,кг
Нержавеющая сталь,ПРОВОЛОКА НЕРЖАВЕЮЩАЯ,12Х18Н10Т,Проволока Нержавеющая 0.4 12Х18Н10Т,"ПРОВОЛОКА НЕРЖАВЕЮЩАЯ марки 12Х18Н10Т, размер 0.4 ; 0.45; 0.6",0.4,396,кг,1,0,0,https://www.kavstal.ru/public/assets/images/products/NERZHAVEYUSHCHAYA_STAL/PROVOLKA_NERZHAVEYUSHCHAYA/img.webp,трубы;проволока нержавеющая;12х18н10т;4;45;6;проволока;нержавеющая;0.4,12Х18Н10Т,0.4 ; 0.45; 0.6,,кг
Нержавеющая сталь,ПРОВОЛОКА НЕРЖАВЕЮЩАЯ,12Х18Н10Т,Проволока Нержавеющая 0.7 12Х18Н10Т,"ПРОВОЛОКА НЕРЖАВЕЮЩАЯ марки 12Х18Н10Т, размер 0.7",0.7,385,кг,1,0,0,https://www.kavstal.ru/public/assets/images/products/NERZHAVEYUSHCHAYA_STAL/PROVOLKA_NERZHAVEYUSHCHAYA/img.webp,трубы;проволока нержавеющая;12х18н10т;7;проволока;нержавеющая;0.7,12Х18Н10Т,0.7,,кг
Нержавеющая сталь,ПРОВОЛОКА НЕРЖАВЕЮЩАЯ,12Х18Н10Т,Проволока Нержавеющая 1 12Х18Н10Т,"ПРОВОЛОКА НЕРЖАВЕЮЩАЯ марки 12Х18Н10Т, размер 1 ; 1.2; 1.6; 1.8",1,345,кг,1,0,0,https://www.kavstal.ru/public/assets/images/products/NERZHAVEYUSHCHAYA_STAL/PROVOLKA_NERZHAVEYUSHCHAYA/img.webp,трубы;проволока нержавеющая;12х18н10т;1;2;6;8;проволока;нержавеющая,12Х18Н10Т,1 ; 1.2; 1.6; 1.8,,кг
Нержавеющая сталь,ПРОВОЛОКА НЕРЖАВЕЮЩАЯ,12Х18Н10Т,Проволока Нержавеющая 2 12Х18Н10Т,"ПРОВОЛОКА НЕРЖАВЕЮЩАЯ марки 12Х18Н10Т, размер 2 ; 2.5; 3",2,321,кг,1,0,0,https://www.kavstal.ru/public/assets/images/products/NERZHAVEYUSHCHAYA_STAL/PROVOLKA_NERZHAVEYUSHCHAYA/img.webp,трубы;проволока нержавеющая;12х18н10т;2;5;3;проволока;нержавеющая,12Х18Н10Т,2 ; 2.5; 3,,кг
Нержавеющая сталь,ПРОВОЛОКА НЕРЖАВЕЮЩАЯ,12Х18Н10Т,Проволока Нержавеющая 4 12Х18Н10Т,"ПРОВОЛОКА НЕРЖАВЕЮЩАЯ марки 12Х18Н10Т, размер 4",4,295,кг,1,0,0,https://www.kavstal.ru/public/assets/images/products/NERZHAVEYUSHCHAYA_STAL/PROVOLKA_NERZHAVEYUSHCHAYA/img.webp,трубы;проволока нержавеющая;12х18н10т;4;проволока;нержавеющая,12Х18Н10Т,4,,кг
Нержавеющая сталь,ПРОВОЛОКА НЕРЖАВЕЮЩАЯ,12Х18Н10Т,Проволока Нержавеющая 4 12Х18Н10Т,"ПРОВОЛОКА НЕРЖАВЕЮЩАЯ марки 12Х18Н10Т, размер 4",4,321,кг,1,0,0,https://www.kavstal.ru/public/assets/images/products/NERZHAVEYUSHCHAYA_STAL/PROVOLKA_NERZHAVEYUSHCHAYA/img.webp,трубы;проволока нержавеющая;12х18н10т;4;проволока;нержавеющая,12Х18Н10Т,4,,кг
Нержавеющая сталь,ПРОВОЛОКА НЕРЖАВЕЮЩАЯ,12Х18Н10Т,Проволока Нержавеющая 5 12Х18Н10Т,"ПРОВОЛОКА НЕРЖАВЕЮЩАЯ марки 12Х18Н10Т, размер 5 ; 6",5,295,кг,1,0,0,https://www.kavstal.ru/public/assets/images/products/NERZHAVEYUSHCHAYA_STAL/PROVOLKA_NERZHAVEYUSHCHAYA/img.webp,трубы;проволока нержавеющая;12х18н10т;5;6;проволока;нержавеющая,12Х18Н10Т,5 ; 6,,кг
Нержавеющая сталь,ПРОВОЛОКА НЕРЖАВЕЮЩАЯ,12Х18Н10Т,Проволока Нержавеющая 6 12Х18Н10Т,"ПРОВОЛОКА НЕРЖАВЕЮЩАЯ марки 12Х18Н10Т, размер 6 ; 10",6,321,м,1,0,0,https://www.kavstal.ru/public/assets/images/products/NERZHAVEYUSHCHAYA_STAL/PROVOLKA_NERZHAVEYUSHCHAYA/img.webp,трубы;проволока нержавеющая;12х18н10т;6;10;проволока;нержавеющая,12Х18Н10Т,6 ; 10,,м
Нержавеющая сталь,ПРОВОЛОКА НЕРЖАВЕЮЩАЯ,12Х18Н10Т AISI321 Х,Проволока Нержавеющая 0.3 12Х18Н10Т Aisi321 Х,"ПРОВОЛОКА НЕРЖАВЕЮЩАЯ марки 12Х18Н10Т AISI321 Х, размер 0.3",0.3,428,кг,1,0,0,https://www.kavstal.ru/public/assets/images/products/NERZHAVEYUSHCHAYA_STAL/PROVOLKA_NERZHAVEYUSHCHAYA/img.webp,трубы;проволока нержавеющая;12х18н10т aisi321 х;3;проволока;нержавеющая;0.3;12х18н10т;aisi321,12Х18Н10Т AISI321 Х,0.3,,кг
Нержавеющая сталь,ПРОВОЛОКА НЕРЖАВЕЮЩАЯ,12Х18Н10Т Х,Проволока Нержавеющая 1.5 12Х18Н10Т Х,"ПРОВОЛОКА НЕРЖАВЕЮЩАЯ марки 12Х18Н10Т Х, размер 1.5",1.5,373,кг,1,0,0,https://www.kavstal.ru/public/assets/images/products/NERZHAVEYUSHCHAYA_STAL/PROVOLKA_NERZHAVEYUSHCHAYA/img.webp,трубы;проволока нержавеющая;12х18н10т х;1;5;проволока;нержавеющая;1.5;12х18н10т,12Х18Н10Т Х,1.5,,кг
Нержавеющая сталь,ПРОВОЛОКА НЕРЖАВЕЮЩАЯ,AISI 201 12Х15Г9НД,Проволока Нержавеющая 1.6 AISI 201 12х15г9нд,"ПРОВОЛОКА НЕРЖАВЕЮЩАЯ марки AISI 201 12Х15Г9НД, размер 1.6",1.6,225,кг,1,0,0,https://www.kavstal.ru/public/assets/images/products/NERZHAVEYUSHCHAYA_STAL/PROVOLKA_NERZHAVEYUSHCHAYA/img.webp,трубы;проволока нержавеющая;aisi 201 12х15г9нд;1;6;проволока;нержавеющая;1.6;aisi;201;12х15г9нд,AISI 201 12Х15Г9НД,1.6,,кг
Нержавеющая сталь,ПРОВОЛОКА НЕРЖАВЕЮЩАЯ,AISI 201 12Х15Г9НД,Проволока Нержавеющая 2 AISI 201 12х15г9нд,"ПРОВОЛОКА НЕРЖАВЕЮЩАЯ марки AISI 201 12Х15Г9НД, размер 2 ; 2.5; 3; 4; 4.5; 5; 6",2,198,кг,1,0,0,https://www.kavstal.ru/public/assets/images/products/NERZHAVEYUSHCHAYA_STAL/PROVOLKA_NERZHAVEYUSHCHAYA/img.webp,трубы;проволока нержавеющая;aisi 201 12х15г9нд;2;5;3;4;6;проволока;нержавеющая;aisi;201;12х15г9нд,AISI 201 12Х15Г9НД,2 ; 2.5; 3; 4; 4.5; 5; 6,,кг
Нержавеющая сталь,ПРОВОЛОКА НЕРЖАВЕЮЩАЯ,AISI 304 (08Х18Н10),Проволока Нержавеющая 0.14 AISI 304 (08х18н10),"ПРОВОЛОКА НЕРЖАВЕЮЩАЯ марки AISI 304 (08Х18Н10), размер 0.14",0.14,513,кг,1,0,0,https://www.kavstal.ru/public/assets/images/products/NERZHAVEYUSHCHAYA_STAL/PROVOLKA_NERZHAVEYUSHCHAYA/img.webp,трубы;проволока нержавеющая;aisi 304 (08х18н10);14;проволока;нержавеющая;0.14;aisi;304;08х18н10,AISI 304 (08Х18Н10),0.14,,кг
Нержавеющая сталь,ПРОВОЛОКА НЕРЖАВЕЮЩАЯ,AISI 304 (08Х18Н10),Проволока Нержавеющая 0.16 AISI 304 (08х18н10),"ПРОВОЛОКА НЕРЖАВЕЮЩАЯ марки AISI 304 (08Х18Н10), размер 0.16",0.16,428,кг,1,0,0,https://www.kavstal.ru/public/assets/images/products/NERZHAVEYUSHCHAYA_STAL/PROVOLKA_NERZHAVEYUSHCHAYA/img.webp,трубы;проволока нержавеющая;aisi 304 (08х18н10);16;проволока;нержавеющая;0.16;aisi;304;08х18н10,AISI 304 (08Х18Н10),0.16,,кг
Нержавеющая сталь,ПРОВОЛОКА НЕРЖАВЕЮЩАЯ,AISI 304 (08Х18Н10),Проволока Нержавеющая 0.2 AISI 304 (08х18н10),"ПРОВОЛОКА НЕРЖАВЕЮЩАЯ марки AISI 304 (08Х18Н10), размер 0.2",0.2,150,кг,1,0,0,https://www.kavstal.ru/public/assets/images/products/NERZHAVEYUSHCHAYA_STAL/PROVOLKA_NERZHAVEYUSHCHAYA/img.webp,трубы;проволока нержавеющая;aisi 304 (08х18н10);2;проволока;нержавеющая;0.2;aisi;304;08х18н10,AISI 304 (08Х18Н10),0.2,,кг
Нержавеющая сталь,ПРОВОЛОКА НЕРЖАВЕЮЩАЯ,AISI 304 (08Х18Н10),Проволока Нержавеющая 0.2 AISI 304 (08х18н10),"ПРОВОЛОКА НЕРЖАВЕЮЩАЯ марки AISI 304 (08Х18Н10), размер 0.2",0.2,385,кг,1,0,0,https://www.kavstal.ru/public/assets/images/products/NERZHAVEYUSHCHAYA_STAL/PROVOLKA_NERZHAVEYUSHCHAYA/img.webp,трубы;проволока нержавеющая;aisi 304 (08х18н10);2;проволока;нержавеющая;0.2;aisi;304;08х18н10,AISI 304 (08Х18Н10),0.2,,кг
Нержавеющая сталь,ПРОВОЛОКА НЕРЖАВЕЮЩАЯ,AISI 304 (08Х18Н10),Проволока Нержавеющая 0.24 AISI 304 (08х18н10),"ПРОВОЛОКА НЕРЖАВЕЮЩАЯ марки AISI 304 (08Х18Н10), размер 0.24",0.24,150,кг,1,0,0,https://www.kavstal.ru/public/assets/images/products/NERZHAVEYUSHCHAYA_STAL/PROVOLKA_NERZHAVEYUSHCHAYA/img.webp,трубы;проволока нержавеющая;aisi 304 (08х18н10);24;проволока;нержавеющая;0.24;aisi;304;08х18н10,AISI 304 (08Х18Н10),0.24,,кг
Нержавеющая сталь,ПРОВОЛОКА НЕРЖАВЕЮЩАЯ,AISI 304 (08Х18Н10),Проволока Нержавеющая 0.24 AISI 304 (08х18н10),"ПРОВОЛОКА НЕРЖАВЕЮЩАЯ марки AISI 304 (08Х18Н10), размер 0.24",0.24,364,кг,1,0,0,https://www.kavstal.ru/public/assets/images/products/NERZHAVEYUSHCHAYA_STAL/PROVOLKA_NERZHAVEYUSHCHAYA/img.webp,трубы;проволока нержавеющая;aisi 304 (08х18н10);24;проволока;нержавеющая;0.24;aisi;304;08х18н10,AISI 304 (08Х18Н10),0.24,,кг
Нержавеющая сталь,ПРОВОЛОКА НЕРЖАВЕЮЩАЯ,AISI 304 (08Х18Н10),Проволока Нержавеющая 0.25 AISI 304 (08х18н10),"ПРОВОЛОКА НЕРЖАВЕЮЩАЯ марки AISI 304 (08Х18Н10), размер 0.25",0.25,150,кг,1,0,0,https://www.kavstal.ru/public/assets/images/products/NERZHAVEYUSHCHAYA_STAL/PROVOLKA_NERZHAVEYUSHCHAYA/img.webp,трубы;проволока нержавеющая;aisi 304 (08х18н10);25;проволока;нержавеющая;0.25;aisi;304;08х18н10,AISI 304 (08Х18Н10),0.25,,кг
Нержавеющая сталь,ПРОВОЛОКА НЕРЖАВЕЮЩАЯ,AISI 304 (08Х18Н10),Проволока Нержавеющая 0.25 AISI 304 (08х18н10),"ПРОВОЛОКА НЕРЖАВЕЮЩАЯ марки AISI 304 (08Х18Н10), размер 0.25",0.25,364,кг,1,0,0,https://www.kavstal.ru/public/assets/images/products/NERZHAVEYUSHCHAYA_STAL/PROVOLKA_NERZHAVEYUSHCHAYA/img.webp,трубы;проволока нержавеющая;aisi 304 (08х18н10);25;проволока;нержавеющая;0.25;aisi;304;08х18н10,AISI 304 (08Х18Н10),0.25,,кг
Нержавеющая сталь,ПРОВОЛОКА НЕРЖАВЕЮЩАЯ,AISI 304 (08Х18Н10),Проволока Нержавеющая 0.3 AISI 304 (08х18н10),"ПРОВОЛОКА НЕРЖАВЕЮЩАЯ марки AISI 304 (08Х18Н10), размер 0.3",0.3,150,кг,1,0,0,https://www.kavstal.ru/public/assets/images/products/NERZHAVEYUSHCHAYA_STAL/PROVOLKA_NERZHAVEYUSHCHAYA/img.webp,трубы;проволока нержавеющая;aisi 304 (08х18н10);3;проволока;нержавеющая;0.3;aisi;304;08х18н10,AISI 304 (08Х18Н10),0.3,,кг
Нержавеющая сталь,ПРОВОЛОКА НЕРЖАВЕЮЩАЯ,AISI 304 (08Х18Н10),Проволока Нержавеющая 0.3 AISI 304 (08х18н10),"ПРОВОЛОКА НЕРЖАВЕЮЩАЯ марки AISI 304 (08Х18Н10), размер 0.3 ; 0.32",0.3,359,кг,1,0,0,https://www.kavstal.ru/public/assets/images/products/NERZHAVEYUSHCHAYA_STAL/PROVOLKA_NERZHAVEYUSHCHAYA/img.webp,трубы;проволока нержавеющая;aisi 304 (08х18н10);3;32;проволока;нержавеющая;0.3;aisi;304;08х18н10,AISI 304 (08Х18Н10),0.3 ; 0.32,,кг
Нержавеющая сталь,ПРОВОЛОКА НЕРЖАВЕЮЩАЯ,AISI 304 (08Х18Н10),Проволока Нержавеющая 0.36 AISI 304 (08х18н10),"ПРОВОЛОКА НЕРЖАВЕЮЩАЯ марки AISI 304 (08Х18Н10), размер 0.36",0.36,353,кг,1,0,0,https://www.kavstal.ru/public/assets/images/products/NERZHAVEYUSHCHAYA_STAL/PROVOLKA_NERZHAVEYUSHCHAYA/img.webp,трубы;проволока нержавеющая;aisi 304 (08х18н10);36;проволока;нержавеющая;0.36;aisi;304;08х18н10,AISI 304 (08Х18Н10),0.36,,кг
Нержавеющая сталь,ПРОВОЛОКА НЕРЖАВЕЮЩАЯ,AISI 304 (08Х18Н10),Проволока Нержавеющая 0.4 AISI 304 (08х18н10),"ПРОВОЛОКА НЕРЖАВЕЮЩАЯ марки AISI 304 (08Х18Н10), размер 0.4",0.4,150,кг,1,0,0,https://www.kavstal.ru/public/assets/images/products/NERZHAVEYUSHCHAYA_STAL/PROVOLKA_NERZHAVEYUSHCHAYA/img.webp,трубы;проволока нержавеющая;aisi 304 (08х18н10);4;проволока;нержавеющая;0.4;aisi;304;08х18н10,AISI 304 (08Х18Н10),0.4,,кг
Нержавеющая сталь,ПРОВОЛОКА НЕРЖАВЕЮЩАЯ,AISI 304 (08Х18Н10),Проволока Нержавеющая 0.4 AISI 304 (08х18н10),"ПРОВОЛОКА НЕРЖАВЕЮЩАЯ марки AISI 304 (08Х18Н10), размер 0.4",0.4,348,кг,1,0,0,https://www.kavstal.ru/public/assets/images/products/NERZHAVEYUSHCHAYA_STAL/PROVOLKA_NERZHAVEYUSHCHAYA/img.webp,трубы;проволока нержавеющая;aisi 304 (08х18н10);4;проволока;нержавеющая;0.4;aisi;304;08х18н10,AISI 304 (08Х18Н10),0.4,,кг
Нержавеющая сталь,ПРОВОЛОКА НЕРЖАВЕЮЩАЯ,AISI 304 (08Х18Н10),Проволока Нержавеющая 0.45 AISI 304 (08х18н10),"ПРОВОЛОКА НЕРЖАВЕЮЩАЯ марки AISI 304 (08Х18Н10), размер 0.45",0.45,150,кг,1,0,0,https://www.kavstal.ru/public/assets/images/products/NERZHAVEYUSHCHAYA_STAL/PROVOLKA_NERZHAVEYUSHCHAYA/img.webp,трубы;проволока нержавеющая;aisi 304 (08х18н10);45;проволока;нержавеющая;0.45;aisi;304;08х18н10,AISI 304 (08Х18Н10),0.45,,кг
Нержавеющая сталь,ПРОВОЛОКА НЕРЖАВЕЮЩАЯ,AISI 304 (08Х18Н10),Проволока Нержавеющая 0.45 AISI 304 (08х18н10),"ПРОВОЛОКА НЕРЖАВЕЮЩАЯ марки AISI 304 (08Х18Н10), размер 0.45",0.45,348,кг,1,0,0,https://www.kavstal.ru/public/assets/images/products/NERZHAVEYUSHCHAYA_STAL/PROVOLKA_NERZHAVEYUSHCHAYA/img.webp,трубы;проволока нержавеющая;aisi 304 (08х18н10);45;проволока;нержавеющая;0.45;aisi;304;08х18н10,AISI 304 (08Х18Н10),0.45,,кг
Нержавеющая сталь,ПРОВОЛОКА НЕРЖАВЕЮЩАЯ,AISI 304 (08Х18Н10),Проволока Нержавеющая 0.5 AISI 304 (08х18н10),"ПРОВОЛОКА НЕРЖАВЕЮЩАЯ марки AISI 304 (08Х18Н10), размер 0.5",0.5,150,кг,1,0,0,https://www.kavstal.ru/public/assets/images/products/NERZHAVEYUSHCHAYA_STAL/PROVOLKA_NERZHAVEYUSHCHAYA/img.webp,трубы;проволока нержавеющая;aisi 304 (08х18н10);5;проволока;нержавеющая;0.5;aisi;304;08х18н10,AISI 304 (08Х18Н10),0.5,,кг
Нержавеющая сталь,ПРОВОЛОКА НЕРЖАВЕЮЩАЯ,AISI 304 (08Х18Н10),Проволока Нержавеющая 0.5 AISI 304 (08х18н10),"ПРОВОЛОКА НЕРЖАВЕЮЩАЯ марки AISI 304 (08Х18Н10), размер 0.5 ; 0.6",0.5,342,кг,1,0,0,https://www.kavstal.ru/public/assets/images/products/NERZHAVEYUSHCHAYA_STAL/PROVOLKA_NERZHAVEYUSHCHAYA/img.webp,трубы;проволока нержавеющая;aisi 304 (08х18н10);5;6;проволока;нержавеющая;0.5;aisi;304;08х18н10,AISI 304 (08Х18Н10),0.5 ; 0.6,,кг
Нержавеющая сталь,ПРОВОЛОКА НЕРЖАВЕЮЩАЯ,AISI 304 (08Х18Н10),Проволока Нержавеющая 0.7 AISI 304 (08х18н10),"ПРОВОЛОКА НЕРЖАВЕЮЩАЯ марки AISI 304 (08Х18Н10), размер 0.7",0.7,331,кг,1,0,0,https://www.kavstal.ru/public/assets/images/products/NERZHAVEYUSHCHAYA_STAL/PROVOLKA_NERZHAVEYUSHCHAYA/img.webp,трубы;проволока нержавеющая;aisi 304 (08х18н10);7;проволока;нержавеющая;0.7;aisi;304;08х18н10,AISI 304 (08Х18Н10),0.7,,кг
Нержавеющая сталь,ПРОВОЛОКА НЕРЖАВЕЮЩАЯ,AISI 304 (08Х18Н10),Проволока Нержавеющая 0.9 AISI 304 (08х18н10),"ПРОВОЛОКА НЕРЖАВЕЮЩАЯ марки AISI 304 (08Х18Н10), размер 0.9 ; 1; 1.2; 1.4; 1.6",0.9,310,кг,1,0,0,https://www.kavstal.ru/public/assets/images/products/NERZHAVEYUSHCHAYA_STAL/PROVOLKA_NERZHAVEYUSHCHAYA/img.webp,трубы;проволока нержавеющая;aisi 304 (08х18н10);9;1;2;4;6;проволока;нержавеющая;0.9;aisi;304;08х18н10,AISI 304 (08Х18Н10),0.9 ; 1; 1.2; 1.4; 1.6,,кг
Нержавеющая сталь,ПРОВОЛОКА НЕРЖАВЕЮЩАЯ,AISI 304 (08Х18Н10),Проволока Нержавеющая 2 AISI 304 (08х18н10),"ПРОВОЛОКА НЕРЖАВЕЮЩАЯ марки AISI 304 (08Х18Н10), размер 2 ; 2.5; 3; 3.8; 4; 6",2,285,кг,1,0,0,https://www.kavstal.ru/public/assets/images/products/NERZHAVEYUSHCHAYA_STAL/PROVOLKA_NERZHAVEYUSHCHAYA/img.webp,трубы;проволока нержавеющая;aisi 304 (08х18н10);2;5;3;8;4;6;проволока;нержавеющая;aisi;304;08х18н10,AISI 304 (08Х18Н10),2 ; 2.5; 3; 3.8; 4; 6,,кг
Нержавеющая сталь,ПРОВОЛОКА НЕРЖАВЕЮЩАЯ,AISI 304 (08Х18Н10) DIN 200,Проволока Нержавеющая 0.8 AISI 304 (08х18н10) Din 200,"ПРОВОЛОКА НЕРЖАВЕЮЩАЯ марки AISI 304 (08Х18Н10) DIN 200, размер 0.8",0.8,331,кг,1,0,0,https://www.kavstal.ru/public/assets/images/products/NERZHAVEYUSHCHAYA_STAL/PROVOLKA_NERZHAVEYUSHCHAYA/img.webp,трубы;проволока нержавеющая;aisi 304 (08х18н10) din 200;8;проволока;нержавеющая;0.8;aisi;304;08х18н10;din;200,AISI 304 (08Х18Н10) DIN 200,0.8,,кг
Нержавеющая сталь,ПРОВОЛОКА НЕРЖАВЕЮЩАЯ,AISI 304 (08Х18Н10) неконд,Проволока Нержавеющая 0.28 AISI 304 (08х18н10) неконд,"ПРОВОЛОКА НЕРЖАВЕЮЩАЯ марки AISI 304 (08Х18Н10) неконд, размер 0.28",0.28,150,кг,1,0,0,https://www.kavstal.ru/public/assets/images/products/NERZHAVEYUSHCHAYA_STAL/PROVOLKA_NERZHAVEYUSHCHAYA/img.webp,трубы;проволока нержавеющая;aisi 304 (08х18н10) неконд;28;проволока;нержавеющая;0.28;aisi;304;08х18н10;неконд,AISI 304 (08Х18Н10) неконд,0.28,,кг
Нержавеющая сталь,ПРОВОЛОКА НЕРЖАВЕЮЩАЯ,AISI 304 L (08Х18Н10),Проволока Нержавеющая 3.35 AISI 304 L (08х18н10),"ПРОВОЛОКА НЕРЖАВЕЮЩАЯ марки AISI 304 L (08Х18Н10), размер 3.35",3.35,285,кг,1,0,0,https://www.kavstal.ru/public/assets/images/products/NERZHAVEYUSHCHAYA_STAL/PROVOLKA_NERZHAVEYUSHCHAYA/img.webp,трубы;проволока нержавеющая;aisi 304 l (08х18н10);3;35;проволока;нержавеющая;3.35;aisi;304;08х18н10,AISI 304 L (08Х18Н10),3.35,,кг
Нержавеющая сталь,ПРОВОЛОКА НЕРЖАВЕЮЩАЯ,AISI 310S,Проволока Нержавеющая 1.2 AISI 310s,"ПРОВОЛОКА НЕРЖАВЕЮЩАЯ марки AISI 310S, размер 1.2 ; 1.6",1.2,900,кг,1,0,0,https://www.kavstal.ru/public/assets/images/products/NERZHAVEYUSHCHAYA_STAL/PROVOLKA_NERZHAVEYUSHCHAYA/img.webp,трубы;проволока нержавеющая;aisi 310s;1;2;6;проволока;нержавеющая;1.2;aisi;310s,AISI 310S,1.2 ; 1.6,,кг
Нержавеющая сталь,ПРОВОЛОКА НЕРЖАВЕЮЩАЯ,AISI 310S,Проволока Нержавеющая 2 AISI 310s,"ПРОВОЛОКА НЕРЖАВЕЮЩАЯ марки AISI 310S, размер 2 ; 5",2,655,кг,1,0,0,https://www.kavstal.ru/public/assets/images/products/NERZHAVEYUSHCHAYA_STAL/PROVOLKA_NERZHAVEYUSHCHAYA/img.webp,трубы;проволока нержавеющая;aisi 310s;2;5;проволока;нержавеющая;aisi;310s,AISI 310S,2 ; 5,,кг
Нержавеющая сталь,ПРОВОЛОКА НЕРЖАВЕЮЩАЯ,AISI 316L,Проволока Нержавеющая 0.28 AISI 316l,"ПРОВОЛОКА НЕРЖАВЕЮЩАЯ марки AISI 316L, размер 0.28",0.28,525,кг,1,0,0,https://www.kavstal.ru/public/assets/images/products/NERZHAVEYUSHCHAYA_STAL/PROVOLKA_NERZHAVEYUSHCHAYA/img.webp,трубы;проволока нержавеющая;aisi 316l;28;проволока;нержавеющая;0.28;aisi;316l,AISI 316L,0.28,,кг
Нержавеющая сталь,ПРОВОЛОКА НЕРЖАВЕЮЩАЯ,AISI 316L,Проволока Нержавеющая 2 AISI 316l,"ПРОВОЛОКА НЕРЖАВЕЮЩАЯ марки AISI 316L, размер 2",2,454,кг,1,0,0,https://www.kavstal.ru/public/assets/images/products/NERZHAVEYUSHCHAYA_STAL/PROVOLKA_NERZHAVEYUSHCHAYA/img.webp,трубы;проволока нержавеющая;aisi 316l;2;проволока;нержавеющая;aisi;316l,AISI 316L,2,,кг
Нержавеющая сталь,ПРОВОЛОКА НЕРЖАВЕЮЩАЯ,AISI 316Ti,Проволока Нержавеющая 0.2 AISI 316Ti,"ПРОВОЛОКА НЕРЖАВЕЮЩАЯ марки AISI 316Ti, размер 0.2",0.2,652,кг,1,0,0,https://www.kavstal.ru/public/assets/images/products/NERZHAVEYUSHCHAYA_STAL/PROVOLKA_NERZHAVEYUSHCHAYA/img.webp,трубы;проволока нержавеющая;aisi 316ti;2;проволока;нержавеющая;0.2;aisi;316ti,AISI 316Ti,0.2,,кг
Нержавеющая сталь,ПРОВОЛОКА НЕРЖАВЕЮЩАЯ,AISI 316Ti,Проволока Нержавеющая 0.3 AISI 316Ti,"ПРОВОЛОКА НЕРЖАВЕЮЩАЯ марки AISI 316Ti, размер 0.3 ; 0.4",0.3,610,кг,1,0,0,https://www.kavstal.ru/public/assets/images/products/NERZHAVEYUSHCHAYA_STAL/PROVOLKA_NERZHAVEYUSHCHAYA/img.webp,трубы;проволока нержавеющая;aisi 316ti;3;4;проволока;нержавеющая;0.3;aisi;316ti,AISI 316Ti,0.3 ; 0.4,,кг
Нержавеющая сталь,ПРОВОЛОКА НЕРЖАВЕЮЩАЯ,AISI 316Ti,Проволока Нержавеющая 2 AISI 316Ti,"ПРОВОЛОКА НЕРЖАВЕЮЩАЯ марки AISI 316Ti, размер 2 ; 3; 5",2,514,кг,1,0,0,https://www.kavstal.ru/public/assets/images/products/NERZHAVEYUSHCHAYA_STAL/PROVOLKA_NERZHAVEYUSHCHAYA/img.webp,трубы;проволока нержавеющая;aisi 316ti;2;3;5;проволока;нержавеющая;aisi;316ti,AISI 316Ti,2 ; 3; 5,,кг
Нержавеющая сталь,ПРОВОЛОКА НЕРЖАВЕЮЩАЯ,AISI 410 12Х13,Проволока Нержавеющая 6 AISI 410 12х13,"ПРОВОЛОКА НЕРЖАВЕЮЩАЯ марки AISI 410 12Х13, размер 6",6,205,кг,1,0,0,https://www.kavstal.ru/public/assets/images/products/NERZHAVEYUSHCHAYA_STAL/PROVOLKA_NERZHAVEYUSHCHAYA/img.webp,трубы;проволока нержавеющая;aisi 410 12х13;6;проволока;нержавеющая;aisi;410;12х13,AISI 410 12Х13,6,,кг
Нержавеющая сталь,ПРОВОЛОКА НЕРЖАВЕЮЩАЯ,AISI 430,Проволока Нержавеющая 0.3 AISI 430,"ПРОВОЛОКА НЕРЖАВЕЮЩАЯ марки AISI 430, размер 0.3 ; 0.5",0.3,375,кг,1,0,0,https://www.kavstal.ru/public/assets/images/products/NERZHAVEYUSHCHAYA_STAL/PROVOLKA_NERZHAVEYUSHCHAYA/img.webp,трубы;проволока нержавеющая;aisi 430;3;5;проволока;нержавеющая;0.3;aisi;430,AISI 430,0.3 ; 0.5,,кг
Нержавеющая сталь,ПРОВОЛОКА НЕРЖАВЕЮЩАЯ,AISI 430,Проволока Нержавеющая 2.8 AISI 430,"ПРОВОЛОКА НЕРЖАВЕЮЩАЯ марки AISI 430, размер 2.8 ; 4; 5",2.8,199,кг,1,0,0,https://www.kavstal.ru/public/assets/images/products/NERZHAVEYUSHCHAYA_STAL/PROVOLKA_NERZHAVEYUSHCHAYA/img.webp,трубы;проволока нержавеющая;aisi 430;2;8;4;5;проволока;нержавеющая;2.8;aisi;430,AISI 430,2.8 ; 4; 5,,кг
Нержавеющая сталь,ПРОВОЛОКА НЕРЖАВЕЮЩАЯ,AISI316L некондиция,Проволока Нержавеющая 0.28 Aisi316l некондиция,"ПРОВОЛОКА НЕРЖАВЕЮЩАЯ марки AISI316L некондиция, размер 0.28",0.28,150,кг,1,0,0,https://www.kavstal.ru/public/assets/images/products/NERZHAVEYUSHCHAYA_STAL/PROVOLKA_NERZHAVEYUSHCHAYA/img.webp,трубы;проволока нержавеющая;aisi316l некондиция;28;проволока;нержавеющая;0.28;aisi316l;некондиция,AISI316L некондиция,0.28,,кг
Нержавеющая сталь,ПРОВОЛОКА НЕРЖАВЕЮЩАЯ,EN 10270-3 1.4310 AISI 302,Проволока Нержавеющая 0.3 En 10270-3 1.4310 AISI 302,"ПРОВОЛОКА НЕРЖАВЕЮЩАЯ марки EN 10270-3 1.4310 AISI 302, размер 0.3",0.3,428,кг,1,0,0,https://www.kavstal.ru/public/assets/images/products/NERZHAVEYUSHCHAYA_STAL/PROVOLKA_NERZHAVEYUSHCHAYA/img.webp,трубы;проволока нержавеющая;en 10270-3 1.4310 aisi 302;3;проволока;нержавеющая;0.3;en;10270-3;1.4310;aisi;302,EN 10270-3 1.4310 AISI 302,0.3,,кг
Нержавеющая сталь,ПРОВОЛОКА НЕРЖАВЕЮЩАЯ,EN 10270-3 1.4310 AISI 302,Проволока Нержавеющая 0.4 En 10270-3 1.4310 AISI 302,"ПРОВОЛОКА НЕРЖАВЕЮЩАЯ марки EN 10270-3 1.4310 AISI 302, размер 0.4",0.4,481,кг,1,0,0,https://www.kavstal.ru/public/assets/images/products/NERZHAVEYUSHCHAYA_STAL/PROVOLKA_NERZHAVEYUSHCHAYA/img.webp,трубы;проволока нержавеющая;en 10270-3 1.4310 aisi 302;4;проволока;нержавеющая;0.4;en;10270-3;1.4310;aisi;302,EN 10270-3 1.4310 AISI 302,0.4,,кг
Нержавеющая сталь,ПРОВОЛОКА НЕРЖАВЕЮЩАЯ,EN 10270-3 1.4310 AISI 302,Проволока Нержавеющая 0.5 En 10270-3 1.4310 AISI 302,"ПРОВОЛОКА НЕРЖАВЕЮЩАЯ марки EN 10270-3 1.4310 AISI 302, размер 0.5",0.5,416,кг,1,0,0,https://www.kavstal.ru/public/assets/images/products/NERZHAVEYUSHCHAYA_STAL/PROVOLKA_NERZHAVEYUSHCHAYA/img.webp,трубы;проволока нержавеющая;en 10270-3 1.4310 aisi 302;5;проволока;нержавеющая;0.5;en;10270-3;1.4310;aisi;302,EN 10270-3 1.4310 AISI 302,0.5,,кг
Нержавеющая сталь,ПРОВОЛОКА НЕРЖАВЕЮЩАЯ,EN 10270-3 1.4310 AISI 302,Проволока Нержавеющая 0.8 En 10270-3 1.4310 AISI 302,"ПРОВОЛОКА НЕРЖАВЕЮЩАЯ марки EN 10270-3 1.4310 AISI 302, размер 0.8",0.8,372,кг,1,0,0,https://www.kavstal.ru/public/assets/images/products/NERZHAVEYUSHCHAYA_STAL/PROVOLKA_NERZHAVEYUSHCHAYA/img.webp,трубы;проволока нержавеющая;en 10270-3 1.4310 aisi 302;8;проволока;нержавеющая;0.8;en;10270-3;1.4310;aisi;302,EN 10270-3 1.4310 AISI 302,0.8,,кг
Нержавеющая сталь,ПРОВОЛОКА НЕРЖАВЕЮЩАЯ,EN 10270-3 1.4310 AISI 302,Проволока Нержавеющая 1.2 En 10270-3 1.4310 AISI 302,"ПРОВОЛОКА НЕРЖАВЕЮЩАЯ марки EN 10270-3 1.4310 AISI 302, размер 1.2 ; 1.4; 1.5; 1.6; 1.8",1.2,355,кг,1,0,0,https://www.kavstal.ru/public/assets/images/products/NERZHAVEYUSHCHAYA_STAL/PROVOLKA_NERZHAVEYUSHCHAYA/img.webp,трубы;проволока нержавеющая;en 10270-3 1.4310 aisi 302;1;2;4;5;6;8;проволока;нержавеющая;1.2;en;10270-3;1.4310;aisi;302,EN 10270-3 1.4310 AISI 302,1.2 ; 1.4; 1.5; 1.6; 1.8,,кг
Нержавеющая сталь,ПРОВОЛОКА НЕРЖАВЕЮЩАЯ,EN 10270-3 1.4310 AISI 302,Проволока Нержавеющая 2.5 En 10270-3 1.4310 AISI 302,"ПРОВОЛОКА НЕРЖАВЕЮЩАЯ марки EN 10270-3 1.4310 AISI 302, размер 2.5 ; 3; 3.5; 4; 4.5; 5; 5.5; 6; 7; 10; 12",2.5,333,кг,1,0,0,https://www.kavstal.ru/public/assets/images/products/NERZHAVEYUSHCHAYA_STAL/PROVOLKA_NERZHAVEYUSHCHAYA/img.webp,трубы;проволока нержавеющая;en 10270-3 1.4310 aisi 302;2;5;3;4;6;7;10;12;проволока;нержавеющая;2.5;en;10270-3;1.4310;aisi;302,EN 10270-3 1.4310 AISI 302,2.5 ; 3; 3.5; 4; 4.5; 5; 5.5; 6; 7; 10; 12,,кг
Нержавеющая сталь,ПРОВОЛОКА НЕРЖАВЕЮЩАЯ,ER308 Lsi SD300,Проволока Нержавеющая 1.6 Er308 Lsi Sd300,"ПРОВОЛОКА НЕРЖАВЕЮЩАЯ марки ER308 Lsi SD300, размер 1.6",1.6,465,кг,1,0,0,https://www.kavstal.ru/public/assets/images/products/NERZHAVEYUSHCHAYA_STAL/PROVOLKA_NERZHAVEYUSHCHAYA/img.webp,трубы;проволока нержавеющая;er308 lsi sd300;1;6;проволока;нержавеющая;1.6;er308;lsi;sd300,ER308 Lsi SD300,1.6,,кг
Нержавеющая сталь,ПРОВОЛОКА НЕРЖАВЕЮЩАЯ,ER308 Lsi SD300 1,Проволока Нержавеющая 1.2 Er308 Lsi Sd300 1,"ПРОВОЛОКА НЕРЖАВЕЮЩАЯ марки ER308 Lsi SD300 1, размер 1.2",1.2,465,кг,1,0,0,https://www.kavstal.ru/public/assets/images/products/NERZHAVEYUSHCHAYA_STAL/PROVOLKA_NERZHAVEYUSHCHAYA/img.webp,трубы;проволока нержавеющая;er308 lsi sd300 1;1;2;проволока;нержавеющая;1.2;er308;lsi;sd300,ER308 Lsi SD300 1,1.2,,кг
Нержавеющая сталь,ПРОВОЛОКА НЕРЖАВЕЮЩАЯ,ER308 L,Проволока Нержавеющая 5 Er308 L,"ПРОВОЛОКА НЕРЖАВЕЮЩАЯ марки ER308 L, размер 5",5,417,кг,1,0,0,https://www.kavstal.ru/public/assets/images/products/NERZHAVEYUSHCHAYA_STAL/PROVOLKA_NERZHAVEYUSHCHAYA/img.webp,трубы;проволока нержавеющая;er308 l;5;проволока;нержавеющая;er308,ER308 L,5,,кг
Нержавеющая сталь,ПРОВОЛОКА НЕРЖАВЕЮЩАЯ,ER316L,Проволока Нержавеющая 1.2 Er316l,"ПРОВОЛОКА НЕРЖАВЕЮЩАЯ марки ER316L, размер 1.2 ; 1.6",1.2,717,кг,1,0,0,https://www.kavstal.ru/public/assets/images/products/NERZHAVEYUSHCHAYA_STAL/PROVOLKA_NERZHAVEYUSHCHAYA/img.webp,трубы;проволока нержавеющая;er316l;1;2;6;проволока;нержавеющая;1.2,ER316L,1.2 ; 1.6,,кг
Нержавеющая сталь,ПРОВОЛОКА НЕРЖАВЕЮЩАЯ,ER316L,Проволока Нержавеющая 2 Er316l,"ПРОВОЛОКА НЕРЖАВЕЮЩАЯ марки ER316L, размер 2 ; 3; 4; 5",2,641,кг,1,0,0,https://www.kavstal.ru/public/assets/images/products/NERZHAVEYUSHCHAYA_STAL/PROVOLKA_NERZHAVEYUSHCHAYA/img.webp,трубы;проволока нержавеющая;er316l;2;3;4;5;проволока;нержавеющая,ER316L,2 ; 3; 4; 5,,кг
Нержавеющая сталь,ПРОВОЛОКА НЕРЖАВЕЮЩАЯ,ER308 L,Проволока Нержавеющая 2 Er308 L,"ПРОВОЛОКА НЕРЖАВЕЮЩАЯ марки ER308 L, размер 2 ; 2.4; 3.2",2,412,кг,1,0,0,https://www.kavstal.ru/public/assets/images/products/NERZHAVEYUSHCHAYA_STAL/PROVOLKA_NERZHAVEYUSHCHAYA/img.webp,трубы;проволока нержавеющая;er308 l;2;4;3;проволока;нержавеющая;er308,ER308 L,2 ; 2.4; 3.2,,кг
Нержавеющая сталь,ПРОВОЛОКА НЕРЖАВЕЮЩАЯ,ER316 L,Проволока Нержавеющая 2.4 Er316 L,"ПРОВОЛОКА НЕРЖАВЕЮЩАЯ марки ER316 L, размер 2.4 ; 3.2",2.4,641,кг,1,0,0,https://www.kavstal.ru/public/assets/images/products/NERZHAVEYUSHCHAYA_STAL/PROVOLKA_NERZHAVEYUSHCHAYA/img.webp,трубы;проволока нержавеющая;er316 l;2;4;3;проволока;нержавеющая;2.4;er316,ER316 L,2.4 ; 3.2,,кг
