категория,подкатегория,марка,название,описание,диаметр,цена,единица,в_наличии,рейтинг,отзывы,фото,ключевые_слова,spec_Марка,spec_Размер,spec_ГОСТ,spec_Единица
Уголок,УГОЛОК,63x40,Уголок стальной 63x40x5 мм,"Уголок стальной 63x40x5 мм, сталь Ст3",5,84990,т,1,0,0,https://www.kavstal.ru/public/assets/images/products/SORTOVOI_PROKAT/UGOLOK/img.webp,балашиха;уголок;63x40;5;стальной;63x40x5;мм,63x40,5,ГОСТ 8509-93,т
Уголок,УГОЛОК,75x50,Уголок стальной 75x50x5 мм,"Уголок стальной 75x50x5 мм, сталь Ст3",5,68490,т,1,0,0,https://www.kavstal.ru/public/assets/images/products/SORTOVOI_PROKAT/UGOLOK/img.webp,балашиха;уголок;75x50;5;6;стальной;75x50x5;мм,75x50,5 ; 6,ГОСТ 8509-93,т
Уголок,УГОЛОК,100x63,Уголок стальной 100x63x6 мм,"Уголок стальной 100x63x6 мм, сталь Ст3",6,66490,т,1,0,0,https://www.kavstal.ru/public/assets/images/products/SORTOVOI_PROKAT/UGOLOK/img.webp,балашиха;уголок;100x63;6;стальной;100x63x6;мм,100x63,6,ГОСТ 8509-93,т
Уголок,УГОЛОК,100x63,Уголок стальной 100x63x8 мм,"Уголок стальной 100x63x8 мм, сталь Ст3",8,64990,т,1,0,0,https://www.kavstal.ru/public/assets/images/products/SORTOVOI_PROKAT/UGOLOK/img.webp,балашиха;уголок;100x63;8;стальной;100x63x8;мм,100x63,8,ГОСТ 8509-93,т
Уголок,УГОЛОК,125x80,Уголок стальной 125x80x8 мм,"Уголок стальной 125x80x8 мм, сталь Ст3",8,129490,т,1,0,0,https://www.kavstal.ru/public/assets/images/products/SORTOVOI_PROKAT/UGOLOK/img.webp,балашиха;уголок;125x80;8;10;стальной;125x80x8;мм,125x80,8 ; 10,ГОСТ 8509-93,т
Уголок,УГОЛОК,160x100,Уголок стальной 160x100x10 мм,"Уголок стальной 160x100x10 мм, сталь Ст3",10,127490,т,1,0,0,https://www.kavstal.ru/public/assets/images/products/SORTOVOI_PROKAT/UGOLOK/img.webp,балашиха;уголок;160x100;10;стальной;160x100x10;мм,160x100,10,ГОСТ 8509-93,т
Уголок,УГОЛОК,200x125,Уголок стальной 200x125x12 мм,"Уголок стальной 200x125x12 мм, сталь Ст3",12,134990,т,1,0,0,https://www.kavstal.ru/public/assets/images/products/SORTOVOI_PROKAT/UGOLOK/img.webp,балашиха;уголок;200x125;12;стальной;200x125x12;мм,200x125,12,ГОСТ 8509-93,т
Уголок,УГОЛОК,25x25 6м,Уголок стальной 25x25x3 мм,"Уголок стальной 25x25x3 мм, сталь Ст3",3,61990,т,1,0,0,https://www.kavstal.ru/public/assets/images/products/SORTOVOI_PROKAT/UGOLOK/img.webp,балашиха;уголок;25x25 6м;3;стальной;25x25x3;мм,25x25 6м,3,ГОСТ 8509-93,т
Уголок,УГОЛОК,25x25 6м,Уголок стальной 25x25x4 мм,"Уголок стальной 25x25x4 мм, сталь Ст3",4,60990,т,1,0,0,https://www.kavstal.ru/public/assets/images/products/SORTOVOI_PROKAT/UGOLOK/img.webp,балашиха;уголок;25x25 6м;4;стальной;25x25x4;мм,25x25 6м,4,ГОСТ 8509-93,т
Уголок,УГОЛОК,32x32 6м,Уголок стальной 32x32x3 мм,"Уголок стальной 32x32x3 мм, сталь Ст3",3,61490,т,1,0,0,https://www.kavstal.ru/public/assets/images/products/SORTOVOI_PROKAT/UGOLOK/img.webp,балашиха;уголок;32x32 6м;3;4;стальной;32x32x3;мм,32x32 6м,3 ; 4,ГОСТ 8509-93,т
Уголок,УГОЛОК,35x35 6м,Уголок стальной 35x35x3 мм,"Уголок стальной 35x35x3 мм, сталь Ст3",3,63490,т,1,0,0,https://www.kavstal.ru/public/assets/images/products/SORTOVOI_PROKAT/UGOLOK/img.webp,балашиха;уголок;35x35 6м;3;стальной;35x35x3;мм,35x35 6м,3,ГОСТ 8509-93,т
Уголок,УГОЛОК,35x35 6м,Уголок стальной 35x35x4 мм,"Уголок стальной 35x35x4 мм, сталь Ст3",4,61490,т,1,0,0,https://www.kavstal.ru/public/assets/images/products/SORTOVOI_PROKAT/UGOLOK/img.webp,балашиха;уголок;35x35 6м;4;стальной;35x35x4;мм,35x35 6м,4,ГОСТ 8509-93,т
Уголок,УГОЛОК,40x40,Уголок стальной 40x40x3 мм,"Уголок стальной 40x40x3 мм, сталь Ст3",3,53990,т,1,0,0,https://www.kavstal.ru/public/assets/images/products/SORTOVOI_PROKAT/UGOLOK/img.webp,балашиха;уголок;40x40;3;стальной;40x40x3;мм,40x40,3,ГОСТ 8509-93,т
Уголок,УГОЛОК,40x40,Уголок стальной 40x40x4 мм,"Уголок стальной 40x40x4 мм, сталь Ст3",4,50990,т,1,0,0,https://www.kavstal.ru/public/assets/images/products/SORTOVOI_PROKAT/UGOLOK/img.webp,балашиха;уголок;40x40;4;стальной;40x40x4;мм,40x40,4,ГОСТ 8509-93,т
Уголок,УГОЛОК,40x40 6м,Уголок стальной 40x40x3 мм,"Уголок стальной 40x40x3 мм, сталь Ст3",3,53990,т,1,0,0,https://www.kavstal.ru/public/assets/images/products/SORTOVOI_PROKAT/UGOLOK/img.webp,балашиха;уголок;40x40 6м;3;стальной;40x40x3;мм,40x40 6м,3,ГОСТ 8509-93,т
Уголок,УГОЛОК,40x40 6м,Уголок стальной 40x40x4 мм,"Уголок стальной 40x40x4 мм, сталь Ст3",4,50990,т,1,0,0,https://www.kavstal.ru/public/assets/images/products/SORTOVOI_PROKAT/UGOLOK/img.webp,балашиха;уголок;40x40 6м;4;стальной;40x40x4;мм,40x40 6м,4,ГОСТ 8509-93,т
Уголок,УГОЛОК,45x45,Уголок стальной 45x45x4 мм,"Уголок стальной 45x45x4 мм, сталь Ст3",4,51490,т,1,0,0,https://www.kavstal.ru/public/assets/images/products/SORTOVOI_PROKAT/UGOLOK/img.webp,балашиха;уголок;45x45;4;стальной;45x45x4;мм,45x45,4,ГОСТ 8509-93,т
Уголок,УГОЛОК,45x45 6м,Уголок стальной 45x45x4 мм,"Уголок стальной 45x45x4 мм, сталь Ст3",4,52490,т,1,0,0,https://www.kavstal.ru/public/assets/images/products/SORTOVOI_PROKAT/UGOLOK/img.webp,балашиха;уголок;45x45 6м;4;стальной;45x45x4;мм,45x45 6м,4,ГОСТ 8509-93,т
Уголок,УГОЛОК,50x50,Уголок стальной 50x50x4 мм,"Уголок стальной 50x50x4 мм, сталь Ст3",4,48990,т,1,0,0,https://www.kavstal.ru/public/assets/images/products/SORTOVOI_PROKAT/UGOLOK/img.webp,балашиха;уголок;50x50;4;5;стальной;50x50x4;мм,50x50,4 ; 5,ГОСТ 8509-93,т
Уголок,УГОЛОК,50x50 К,Уголок стальной 50x50x5 мм,"Уголок стальной 50x50x5 мм, сталь Ст3",5,43500,т,1,0,0,https://www.kavstal.ru/public/assets/images/products/SORTOVOI_PROKAT/UGOLOK/img.webp,балашиха;уголок;50x50 к;5;стальной;50x50x5;мм,50x50 К,5,ГОСТ 8509-93,т
Уголок,УГОЛОК,50x50 6м,Уголок стальной 50x50x4 мм,"Уголок стальной 50x50x4 мм, сталь Ст3",4,48990,т,1,0,0,https://www.kavstal.ru/public/assets/images/products/SORTOVOI_PROKAT/UGOLOK/img.webp,балашиха;уголок;50x50 6м;4;стальной;50x50x4;мм,50x50 6м,4,ГОСТ 8509-93,т
Уголок,УГОЛОК,50x50 6м,Уголок стальной 50x50x5 мм,"Уголок стальной 50x50x5 мм, сталь Ст3",5,49490,т,1,0,0,https://www.kavstal.ru/public/assets/images/products/SORTOVOI_PROKAT/UGOLOK/img.webp,балашиха;уголок;50x50 6м;5;стальной;50x50x5;мм,50x50 6м,5,ГОСТ 8509-93,т
Уголок,УГОЛОК,50x50 6м оцинк,Уголок стальной 50x50x5 мм,"Уголок стальной 50x50x5 мм, сталь Ст3",5,99990,т,1,0,0,https://www.kavstal.ru/public/assets/images/products/SORTOVOI_PROKAT/UGOLOK/img.webp,балашиха;уголок;50x50 6м оцинк;5;стальной;50x50x5;мм,50x50 6м оцинк,5,ГОСТ 8509-93,т
Уголок,УГОЛОК,63x63,Уголок стальной 63x63x4 мм,"Уголок стальной 63x63x4 мм, сталь Ст3",4,50990,т,1,0,0,https://www.kavstal.ru/public/assets/images/products/SORTOVOI_PROKAT/UGOLOK/img.webp,балашиха;уголок;63x63;4;стальной;63x63x4;мм,63x63,4,ГОСТ 8509-93,т
Уголок,УГОЛОК,63x63,Уголок стальной 63x63x5 мм,"Уголок стальной 63x63x5 мм, сталь Ст3",5,48490,т,1,0,0,https://www.kavstal.ru/public/assets/images/products/SORTOVOI_PROKAT/UGOLOK/img.webp,балашиха;уголок;63x63;5;стальной;63x63x5;мм,63x63,5,ГОСТ 8509-93,т
Уголок,УГОЛОК,63x63,Уголок стальной 63x63x6 мм,"Уголок стальной 63x63x6 мм, сталь Ст3",6,49490,т,1,0,0,https://www.kavstal.ru/public/assets/images/products/SORTOVOI_PROKAT/UGOLOK/img.webp,балашиха;уголок;63x63;6;стальной;63x63x6;мм,63x63,6,ГОСТ 8509-93,т
Уголок,УГОЛОК,63x63 6м,Уголок стальной 63x63x4 мм,"Уголок стальной 63x63x4 мм, сталь Ст3",4,50990,т,1,0,0,https://www.kavstal.ru/public/assets/images/products/SORTOVOI_PROKAT/UGOLOK/img.webp,балашиха;уголок;63x63 6м;4;стальной;63x63x4;мм,63x63 6м,4,ГОСТ 8509-93,т
Уголок,УГОЛОК,63x63 6м,Уголок стальной 63x63x5 мм,"Уголок стальной 63x63x5 мм, сталь Ст3",5,47990,т,1,0,0,https://www.kavstal.ru/public/assets/images/products/SORTOVOI_PROKAT/UGOLOK/img.webp,балашиха;уголок;63x63 6м;5;стальной;63x63x5;мм,63x63 6м,5,ГОСТ 8509-93,т
Уголок,УГОЛОК,70x70,Уголок стальной 70x70x5 мм,"Уголок стальной 70x70x5 мм, сталь Ст3",5,55490,т,1,0,0,https://www.kavstal.ru/public/assets/images/products/SORTOVOI_PROKAT/UGOLOK/img.webp,балашиха;уголок;70x70;5;стальной;70x70x5;мм,70x70,5,ГОСТ 8509-93,т
Уголок,УГОЛОК,70x70,Уголок стальной 70x70x6 мм,"Уголок стальной 70x70x6 мм, сталь Ст3",6,53490,т,1,0,0,https://www.kavstal.ru/public/assets/images/products/SORTOVOI_PROKAT/UGOLOK/img.webp,балашиха;уголок;70x70;6;стальной;70x70x6;мм,70x70,6,ГОСТ 8509-93,т
Уголок,УГОЛОК,70x70 6м,Уголок стальной 70x70x5 мм,"Уголок стальной 70x70x5 мм, сталь Ст3",5,52990,т,1,0,0,https://www.kavstal.ru/public/assets/images/products/SORTOVOI_PROKAT/UGOLOK/img.webp,балашиха;уголок;70x70 6м;5;стальной;70x70x5;мм,70x70 6м,5,ГОСТ 8509-93,т
Уголок,УГОЛОК,75x75,Уголок стальной 75x75x5 мм,"Уголок стальной 75x75x5 мм, сталь Ст3",5,51490,т,1,0,0,https://www.kavstal.ru/public/assets/images/products/SORTOVOI_PROKAT/UGOLOK/img.webp,балашиха;уголок;75x75;5;стальной;75x75x5;мм,75x75,5,ГОСТ 8509-93,т
Уголок,УГОЛОК,75x75,Уголок стальной 75x75x6 мм,"Уголок стальной 75x75x6 мм, сталь Ст3",6,52990,т,1,0,0,https://www.kavstal.ru/public/assets/images/products/SORTOVOI_PROKAT/UGOLOK/img.webp,балашиха;уголок;75x75;6;стальной;75x75x6;мм,75x75,6,ГОСТ 8509-93,т
Уголок,УГОЛОК,75x75,Уголок стальной 75x75x8 мм,"Уголок стальной 75x75x8 мм, сталь Ст3",8,50990,т,1,0,0,https://www.kavstal.ru/public/assets/images/products/SORTOVOI_PROKAT/UGOLOK/img.webp,балашиха;уголок;75x75;8;стальной;75x75x8;мм,75x75,8,ГОСТ 8509-93,т
Уголок,УГОЛОК,75x75 6м,Уголок стальной 75x75x6 мм,"Уголок стальной 75x75x6 мм, сталь Ст3",6,52990,т,1,0,0,https://www.kavstal.ru/public/assets/images/products/SORTOVOI_PROKAT/UGOLOK/img.webp,балашиха;уголок;75x75 6м;6;стальной;75x75x6;мм,75x75 6м,6,ГОСТ 8509-93,т
Уголок,УГОЛОК,75x75 6м,Уголок стальной 75x75x8 мм,"Уголок стальной 75x75x8 мм, сталь Ст3",8,50990,т,1,0,0,https://www.kavstal.ru/public/assets/images/products/SORTOVOI_PROKAT/UGOLOK/img.webp,балашиха;уголок;75x75 6м;8;стальной;75x75x8;мм,75x75 6м,8,ГОСТ 8509-93,т
Уголок,УГОЛОК,80x80,Уголок стальной 80x80x6 мм,"Уголок стальной 80x80x6 мм, сталь Ст3",6,54490,т,1,0,0,https://www.kavstal.ru/public/assets/images/products/SORTOVOI_PROKAT/UGOLOK/img.webp,балашиха;уголок;80x80;6;стальной;80x80x6;мм,80x80,6,ГОСТ 8509-93,т
Уголок,УГОЛОК,80x80 н/д,Уголок стальной 80x80x8 мм,"Уголок стальной 80x80x8 мм, сталь Ст3",8,48490,т,1,0,0,https://www.kavstal.ru/public/assets/images/products/SORTOVOI_PROKAT/UGOLOK/img.webp,балашиха;уголок;80x80 н/д;8;стальной;80x80x8;мм,80x80 н/д,8,ГОСТ 8509-93,т
Уголок,УГОЛОК,90x90,Уголок стальной 90x90x6 мм,"Уголок стальной 90x90x6 мм, сталь Ст3",6,50490,т,1,0,0,https://www.kavstal.ru/public/assets/images/products/SORTOVOI_PROKAT/UGOLOK/img.webp,балашиха;уголок;90x90;6;стальной;90x90x6;мм,90x90,6,ГОСТ 8509-93,т
Уголок,УГОЛОК,90x90,Уголок стальной 90x90x7 мм,"Уголок стальной 90x90x7 мм, сталь Ст3",7,54490,т,1,0,0,https://www.kavstal.ru/public/assets/images/products/SORTOVOI_PROKAT/UGOLOK/img.webp,балашиха;уголок;90x90;7;стальной;90x90x7;мм,90x90,7,ГОСТ 8509-93,т
Уголок,УГОЛОК,100x100,Уголок стальной 100x100x7 мм,"Уголок стальной 100x100x7 мм, сталь Ст3",7,50490,т,1,0,0,https://www.kavstal.ru/public/assets/images/products/SORTOVOI_PROKAT/UGOLOK/img.webp,балашиха;уголок;100x100;7;стальной;100x100x7;мм,100x100,7,ГОСТ 8509-93,т
Уголок,УГОЛОК,100x100,Уголок стальной 100x100x8 мм,"Уголок стальной 100x100x8 мм, сталь Ст3",8,49990,т,1,0,0,https://www.kavstal.ru/public/assets/images/products/SORTOVOI_PROKAT/UGOLOK/img.webp,балашиха;уголок;100x100;8;стальной;100x100x8;мм,100x100,8,ГОСТ 8509-93,т
Уголок,УГОЛОК,100x100,Уголок стальной 100x100x10 мм,"Уголок стальной 100x100x10 мм, сталь Ст3",10,52990,т,1,0,0,https://www.kavstal.ru/public/assets/images/products/SORTOVOI_PROKAT/UGOLOK/img.webp,балашиха;уголок;100x100;10;стальной;100x100x10;мм,100x100,10,ГОСТ 8509-93,т
Уголок,УГОЛОК,100x100 6м,Уголок стальной 100x100x7 мм,"Уголок стальной 100x100x7 мм, сталь Ст3",7,50490,т,1,0,0,https://www.kavstal.ru/public/assets/images/products/SORTOVOI_PROKAT/UGOLOK/img.webp,балашиха;уголок;100x100 6м;7;стальной;100x100x7;мм,100x100 6м,7,ГОСТ 8509-93,т
Уголок,УГОЛОК,100x100 6м,Уголок стальной 100x100x8 мм,"Уголок стальной 100x100x8 мм, сталь Ст3",8,49990,т,1,0,0,https://www.kavstal.ru/public/assets/images/products/SORTOVOI_PROKAT/UGOLOK/img.webp,балашиха;уголок;100x100 6м;8;стальной;100x100x8;мм,100x100 6м,8,ГОСТ 8509-93,т
Уголок,УГОЛОК,110x110,Уголок стальной 110x110x8 мм,"Уголок стальной 110x110x8 мм, сталь Ст3",8,53490,т,1,0,0,https://www.kavstal.ru/public/assets/images/products/SORTOVOI_PROKAT/UGOLOK/img.webp,балашиха;уголок;110x110;8;стальной;110x110x8;мм,110x110,8,ГОСТ 8509-93,т
Уголок,УГОЛОК,125x125,Уголок стальной 125x125x8 мм,"Уголок стальной 125x125x8 мм, сталь Ст3",8,53990,т,1,0,0,https://www.kavstal.ru/public/assets/images/products/SORTOVOI_PROKAT/UGOLOK/img.webp,балашиха;уголок;125x125;8;стальной;125x125x8;мм,125x125,8,ГОСТ 8509-93,т
Уголок,УГОЛОК,125x125,Уголок стальной 125x125x10 мм,"Уголок стальной 125x125x10 мм, сталь Ст3",10,52490,т,1,0,0,https://www.kavstal.ru/public/assets/images/products/SORTOVOI_PROKAT/UGOLOK/img.webp,балашиха;уголок;125x125;10;стальной;125x125x10;мм,125x125,10,ГОСТ 8509-93,т
Уголок,УГОЛОК,125x125,Уголок стальной 125x125x12 мм,"Уголок стальной 125x125x12 мм, сталь Ст3",12,53490,т,1,0,0,https://www.kavstal.ru/public/assets/images/products/SORTOVOI_PROKAT/UGOLOK/img.webp,балашиха;уголок;125x125;12;стальной;125x125x12;мм,125x125,12,ГОСТ 8509-93,т
Уголок,УГОЛОК,125x125 н/д,Уголок стальной 125x125x9 мм,"Уголок стальной 125x125x9 мм, сталь Ст3",9,49990,т,1,0,0,https://www.kavstal.ru/public/assets/images/products/SORTOVOI_PROKAT/UGOLOK/img.webp,балашиха;уголок;125x125 н/д;9;стальной;125x125x9;мм,125x125 н/д,9,ГОСТ 8509-93,т
Уголок,УГОЛОК,140x140,Уголок стальной 140x140x9 мм,"Уголок стальной 140x140x9 мм, сталь Ст3",9,87990,т,1,0,0,https://www.kavstal.ru/public/assets/images/products/SORTOVOI_PROKAT/UGOLOK/img.webp,балашиха;уголок;140x140;9;стальной;140x140x9;мм,140x140,9,ГОСТ 8509-93,т
Уголок,УГОЛОК,140x140,Уголок стальной 140x140x10 мм,"Уголок стальной 140x140x10 мм, сталь Ст3",10,89990,т,1,0,0,https://www.kavstal.ru/public/assets/images/products/SORTOVOI_PROKAT/UGOLOK/img.webp,балашиха;уголок;140x140;10;стальной;140x140x10;мм,140x140,10,ГОСТ 8509-93,т
Уголок,УГОЛОК,160x160,Уголок стальной 160x160x10 мм,"Уголок стальной 160x160x10 мм, сталь Ст3",10,116990,т,1,0,0,https://www.kavstal.ru/public/assets/images/products/SORTOVOI_PROKAT/UGOLOK/img.webp,балашиха;уголок;160x160;10;16;стальной;160x160x10;мм,160x160,10 ; 16,ГОСТ 8509-93,т
Уголок,УГОЛОК НИЗКОЛЕГИР,160x100,Уголок 160x100x10 мм низколегированный,"Уголок 160x100x10 мм низколегированный, сталь Ст3",10,135490,т,1,0,0,https://www.kavstal.ru/public/assets/images/products/SORTOVOI_PROKAT/UGOLOK_NIZKOLEGIR/img.webp,профнастил;уголок низколегир;160x100;10;уголок;160x100x10;мм;низколегированный,160x100,10,ГОСТ 8509-93,т
Уголок,УГОЛОК,63x40,Уголок стальной 63x40x5 мм,"Уголок стальной 63x40x5 мм, сталь Ст3",5,84990,т,1,0,0,https://www.kavstal.ru/public/assets/images/products/SORTOVOI_PROKAT/UGOLOK/img.webp,профнастил;уголок;63x40;5;стальной;63x40x5;мм,63x40,5,ГОСТ 8509-93,т
Уголок,УГОЛОК,75x50,Уголок стальной 75x50x5 мм,"Уголок стальной 75x50x5 мм, сталь Ст3",5,68490,т,1,0,0,https://www.kavstal.ru/public/assets/images/products/SORTOVOI_PROKAT/UGOLOK/img.webp,профнастил;уголок;75x50;5;6;стальной;75x50x5;мм,75x50,5 ; 6,ГОСТ 8509-93,т
Уголок,УГОЛОК,100x63,Уголок стальной 100x63x6 мм,"Уголок стальной 100x63x6 мм, сталь Ст3",6,66490,т,1,0,0,https://www.kavstal.ru/public/assets/images/products/SORTOVOI_PROKAT/UGOLOK/img.webp,профнастил;уголок;100x63;6;стальной;100x63x6;мм,100x63,6,ГОСТ 8509-93,т
Уголок,УГОЛОК,100x63,Уголок стальной 100x63x8 мм,"Уголок стальной 100x63x8 мм, сталь Ст3",8,64990,т,1,0,0,https://www.kavstal.ru/public/assets/images/products/SORTOVOI_PROKAT/UGOLOK/img.webp,профнастил;уголок;100x63;8;стальной;100x63x8;мм,100x63,8,ГОСТ 8509-93,т
Уголок,УГОЛОК,125x80,Уголок стальной 125x80x8 мм,"Уголок стальной 125x80x8 мм, сталь Ст3",8,129490,т,1,0,0,https://www.kavstal.ru/public/assets/images/products/SORTOVOI_PROKAT/UGOLOK/img.webp,профнастил;уголок;125x80;8;10;стальной;125x80x8;мм,125x80,8 ; 10,ГОСТ 8509-93,т
Уголок,УГОЛОК,160x100,Уголок стальной 160x100x10 мм,"Уголок стальной 160x100x10 мм, сталь Ст3",10,127490,т,1,0,0,https://www.kavstal.ru/public/assets/images/products/SORTOVOI_PROKAT/UGOLOK/img.webp,профнастил;уголок;160x100;10;стальной;160x100x10;мм,160x100,10,ГОСТ 8509-93,т
Уголок,УГОЛОК,25x25 6м,Уголок стальной 25x25x3 мм,"Уголок стальной 25x25x3 мм, сталь Ст3",3,61790,т,1,0,0,https://www.kavstal.ru/public/assets/images/products/SORTOVOI_PROKAT/UGOLOK/img.webp,профнастил;уголок;25x25 6м;3;стальной;25x25x3;мм,25x25 6м,3,ГОСТ 8509-93,т
Уголок,УГОЛОК,25x25 6м,Уголок стальной 25x25x4 мм,"Уголок стальной 25x25x4 мм, сталь Ст3",4,60790,т,1,0,0,https://www.kavstal.ru/public/assets/images/products/SORTOVOI_PROKAT/UGOLOK/img.webp,профнастил;уголок;25x25 6м;4;стальной;25x25x4;мм,25x25 6м,4,ГОСТ 8509-93,т
Уголок,УГОЛОК,32x32 6м,Уголок стальной 32x32x3 мм,"Уголок стальной 32x32x3 мм, сталь Ст3",3,61290,т,1,0,0,https://www.kavstal.ru/public/assets/images/products/SORTOVOI_PROKAT/UGOLOK/img.webp,профнастил;уголок;32x32 6м;3;4;стальной;32x32x3;мм,32x32 6м,3 ; 4,ГОСТ 8509-93,т
Уголок,УГОЛОК,35x35 6м,Уголок стальной 35x35x4 мм,"Уголок стальной 35x35x4 мм, сталь Ст3",4,61290,т,1,0,0,https://www.kavstal.ru/public/assets/images/products/SORTOVOI_PROKAT/UGOLOK/img.webp,профнастил;уголок;35x35 6м;4;стальной;35x35x4;мм,35x35 6м,4,ГОСТ 8509-93,т
Уголок,УГОЛОК,40x40,Уголок стальной 40x40x3 мм,"Уголок стальной 40x40x3 мм, сталь Ст3",3,53790,т,1,0,0,https://www.kavstal.ru/public/assets/images/products/SORTOVOI_PROKAT/UGOLOK/img.webp,профнастил;уголок;40x40;3;стальной;40x40x3;мм,40x40,3,ГОСТ 8509-93,т
Уголок,УГОЛОК,40x40,Уголок стальной 40x40x4 мм,"Уголок стальной 40x40x4 мм, сталь Ст3",4,50790,т,1,0,0,https://www.kavstal.ru/public/assets/images/products/SORTOVOI_PROKAT/UGOLOK/img.webp,профнастил;уголок;40x40;4;стальной;40x40x4;мм,40x40,4,ГОСТ 8509-93,т
Уголок,УГОЛОК,40x40 6м,Уголок стальной 40x40x3 мм,"Уголок стальной 40x40x3 мм, сталь Ст3",3,53790,т,1,0,0,https://www.kavstal.ru/public/assets/images/products/SORTOVOI_PROKAT/UGOLOK/img.webp,профнастил;уголок;40x40 6м;3;стальной;40x40x3;мм,40x40 6м,3,ГОСТ 8509-93,т
Уголок,УГОЛОК,40x40 6м,Уголок стальной 40x40x4 мм,"Уголок стальной 40x40x4 мм, сталь Ст3",4,50790,т,1,0,0,https://www.kavstal.ru/public/assets/images/products/SORTOVOI_PROKAT/UGOLOK/img.webp,профнастил;уголок;40x40 6м;4;стальной;40x40x4;мм,40x40 6м,4,ГОСТ 8509-93,т
Уголок,УГОЛОК,45x45,Уголок стальной 45x45x4 мм,"Уголок стальной 45x45x4 мм, сталь Ст3",4,51290,т,1,0,0,https://www.kavstal.ru/public/assets/images/products/SORTOVOI_PROKAT/UGOLOK/img.webp,профнастил;уголок;45x45;4;стальной;45x45x4;мм,45x45,4,ГОСТ 8509-93,т
Уголок,УГОЛОК,45x45,Уголок стальной 45x45x5 мм,"Уголок стальной 45x45x5 мм, сталь Ст3",5,50790,т,1,0,0,https://www.kavstal.ru/public/assets/images/products/SORTOVOI_PROKAT/UGOLOK/img.webp,профнастил;уголок;45x45;5;стальной;45x45x5;мм,45x45,5,ГОСТ 8509-93,т
Уголок,УГОЛОК,45x45 6м,Уголок стальной 45x45x4 мм,"Уголок стальной 45x45x4 мм, сталь Ст3",4,52290,т,1,0,0,https://www.kavstal.ru/public/assets/images/products/SORTOVOI_PROKAT/UGOLOK/img.webp,профнастил;уголок;45x45 6м;4;стальной;45x45x4;мм,45x45 6м,4,ГОСТ 8509-93,т
Уголок,УГОЛОК,50x50,Уголок стальной 50x50x4 мм,"Уголок стальной 50x50x4 мм, сталь Ст3",4,48790,т,1,0,0,https://www.kavstal.ru/public/assets/images/products/SORTOVOI_PROKAT/UGOLOK/img.webp,профнастил;уголок;50x50;4;5;стальной;50x50x4;мм,50x50,4 ; 5,ГОСТ 8509-93,т
Уголок,УГОЛОК,50x50 6м,Уголок стальной 50x50x4 мм,"Уголок стальной 50x50x4 мм, сталь Ст3",4,48790,т,1,0,0,https://www.kavstal.ru/public/assets/images/products/SORTOVOI_PROKAT/UGOLOK/img.webp,профнастил;уголок;50x50 6м;4;стальной;50x50x4;мм,50x50 6м,4,ГОСТ 8509-93,т
Уголок,УГОЛОК,50x50 6м,Уголок стальной 50x50x5 мм,"Уголок стальной 50x50x5 мм, сталь Ст3",5,49290,т,1,0,0,https://www.kavstal.ru/public/assets/images/products/SORTOVOI_PROKAT/UGOLOK/img.webp,профнастил;уголок;50x50 6м;5;стальной;50x50x5;мм,50x50 6м,5,ГОСТ 8509-93,т
Уголок,УГОЛОК,63x63,Уголок стальной 63x63x4 мм,"Уголок стальной 63x63x4 мм, сталь Ст3",4,50790,т,1,0,0,https://www.kavstal.ru/public/assets/images/products/SORTOVOI_PROKAT/UGOLOK/img.webp,профнастил;уголок;63x63;4;стальной;63x63x4;мм,63x63,4,ГОСТ 8509-93,т
Уголок,УГОЛОК,63x63,Уголок стальной 63x63x5 мм,"Уголок стальной 63x63x5 мм, сталь Ст3",5,48290,т,1,0,0,https://www.kavstal.ru/public/assets/images/products/SORTOVOI_PROKAT/UGOLOK/img.webp,профнастил;уголок;63x63;5;стальной;63x63x5;мм,63x63,5,ГОСТ 8509-93,т
Уголок,УГОЛОК,63x63,Уголок стальной 63x63x6 мм,"Уголок стальной 63x63x6 мм, сталь Ст3",6,49290,т,1,0,0,https://www.kavstal.ru/public/assets/images/products/SORTOVOI_PROKAT/UGOLOK/img.webp,профнастил;уголок;63x63;6;стальной;63x63x6;мм,63x63,6,ГОСТ 8509-93,т
Уголок,УГОЛОК,63x63 6м,Уголок стальной 63x63x5 мм,"Уголок стальной 63x63x5 мм, сталь Ст3",5,47790,т,1,0,0,https://www.kavstal.ru/public/assets/images/products/SORTOVOI_PROKAT/UGOLOK/img.webp,профнастил;уголок;63x63 6м;5;стальной;63x63x5;мм,63x63 6м,5,ГОСТ 8509-93,т
Уголок,УГОЛОК,63x63 6м,Уголок стальной 63x63x6 мм,"Уголок стальной 63x63x6 мм, сталь Ст3",6,49290,т,1,0,0,https://www.kavstal.ru/public/assets/images/products/SORTOVOI_PROKAT/UGOLOK/img.webp,профнастил;уголок;63x63 6м;6;стальной;63x63x6;мм,63x63 6м,6,ГОСТ 8509-93,т
Уголок,УГОЛОК,70x70,Уголок стальной 70x70x5 мм,"Уголок стальной 70x70x5 мм, сталь Ст3",5,55290,т,1,0,0,https://www.kavstal.ru/public/assets/images/products/SORTOVOI_PROKAT/UGOLOK/img.webp,профнастил;уголок;70x70;5;стальной;70x70x5;мм,70x70,5,ГОСТ 8509-93,т
Уголок,УГОЛОК,70x70,Уголок стальной 70x70x6 мм,"Уголок стальной 70x70x6 мм, сталь Ст3",6,53290,т,1,0,0,https://www.kavstal.ru/public/assets/images/products/SORTOVOI_PROKAT/UGOLOK/img.webp,профнастил;уголок;70x70;6;стальной;70x70x6;мм,70x70,6,ГОСТ 8509-93,т
Уголок,УГОЛОК,70x70 6м,Уголок стальной 70x70x5 мм,"Уголок стальной 70x70x5 мм, сталь Ст3",5,52790,т,1,0,0,https://www.kavstal.ru/public/assets/images/products/SORTOVOI_PROKAT/UGOLOK/img.webp,профнастил;уголок;70x70 6м;5;стальной;70x70x5;мм,70x70 6м,5,ГОСТ 8509-93,т
Уголок,УГОЛОК,75x75,Уголок стальной 75x75x5 мм,"Уголок стальной 75x75x5 мм, сталь Ст3",5,51290,т,1,0,0,https://www.kavstal.ru/public/assets/images/products/SORTOVOI_PROKAT/UGOLOK/img.webp,профнастил;уголок;75x75;5;стальной;75x75x5;мм,75x75,5,ГОСТ 8509-93,т
Уголок,УГОЛОК,75x75,Уголок стальной 75x75x6 мм,"Уголок стальной 75x75x6 мм, сталь Ст3",6,52790,т,1,0,0,https://www.kavstal.ru/public/assets/images/products/SORTOVOI_PROKAT/UGOLOK/img.webp,профнастил;уголок;75x75;6;стальной;75x75x6;мм,75x75,6,ГОСТ 8509-93,т
Уголок,УГОЛОК,75x75,Уголок стальной 75x75x8 мм,"Уголок стальной 75x75x8 мм, сталь Ст3",8,50790,т,1,0,0,https://www.kavstal.ru/public/assets/images/products/SORTOVOI_PROKAT/UGOLOK/img.webp,профнастил;уголок;75x75;8;стальной;75x75x8;мм,75x75,8,ГОСТ 8509-93,т
Уголок,УГОЛОК,75x75 6м,Уголок стальной 75x75x5 мм,"Уголок стальной 75x75x5 мм, сталь Ст3",5,51790,т,1,0,0,https://www.kavstal.ru/public/assets/images/products/SORTOVOI_PROKAT/UGOLOK/img.webp,профнастил;уголок;75x75 6м;5;стальной;75x75x5;мм,75x75 6м,5,ГОСТ 8509-93,т
Уголок,УГОЛОК,80x80,Уголок стальной 80x80x6 мм,"Уголок стальной 80x80x6 мм, сталь Ст3",6,54290,т,1,0,0,https://www.kavstal.ru/public/assets/images/products/SORTOVOI_PROKAT/UGOLOK/img.webp,профнастил;уголок;80x80;6;стальной;80x80x6;мм,80x80,6,ГОСТ 8509-93,т
Уголок,УГОЛОК,90x90,Уголок стальной 90x90x6 мм,"Уголок стальной 90x90x6 мм, сталь Ст3",6,50290,т,1,0,0,https://www.kavstal.ru/public/assets/images/products/SORTOVOI_PROKAT/UGOLOK/img.webp,профнастил;уголок;90x90;6;стальной;90x90x6;мм,90x90,6,ГОСТ 8509-93,т
Уголок,УГОЛОК,90x90,Уголок стальной 90x90x7 мм,"Уголок стальной 90x90x7 мм, сталь Ст3",7,54290,т,1,0,0,https://www.kavstal.ru/public/assets/images/products/SORTOVOI_PROKAT/UGOLOK/img.webp,профнастил;уголок;90x90;7;стальной;90x90x7;мм,90x90,7,ГОСТ 8509-93,т
Уголок,УГОЛОК,100x100,Уголок стальной 100x100x7 мм,"Уголок стальной 100x100x7 мм, сталь Ст3",7,50290,т,1,0,0,https://www.kavstal.ru/public/assets/images/products/SORTOVOI_PROKAT/UGOLOK/img.webp,профнастил;уголок;100x100;7;стальной;100x100x7;мм,100x100,7,ГОСТ 8509-93,т
Уголок,УГОЛОК,100x100,Уголок стальной 100x100x8 мм,"Уголок стальной 100x100x8 мм, сталь Ст3",8,49790,т,1,0,0,https://www.kavstal.ru/public/assets/images/products/SORTOVOI_PROKAT/UGOLOK/img.webp,профнастил;уголок;100x100;8;стальной;100x100x8;мм,100x100,8,ГОСТ 8509-93,т
Уголок,УГОЛОК,100x100,Уголок стальной 100x100x10 мм,"Уголок стальной 100x100x10 мм, сталь Ст3",10,52790,т,1,0,0,https://www.kavstal.ru/public/assets/images/products/SORTOVOI_PROKAT/UGOLOK/img.webp,профнастил;уголок;100x100;10;стальной;100x100x10;мм,100x100,10,ГОСТ 8509-93,т
Уголок,УГОЛОК,100x100 6м,Уголок стальной 100x100x8 мм,"Уголок стальной 100x100x8 мм, сталь Ст3",8,49790,т,1,0,0,https://www.kavstal.ru/public/assets/images/products/SORTOVOI_PROKAT/UGOLOK/img.webp,профнастил;уголок;100x100 6м;8;стальной;100x100x8;мм,100x100 6м,8,ГОСТ 8509-93,т
Уголок,УГОЛОК,110x110,Уголок стальной 110x110x7 мм,"Уголок стальной 110x110x7 мм, сталь Ст3",7,53290,т,1,0,0,https://www.kavstal.ru/public/assets/images/products/SORTOVOI_PROKAT/UGOLOK/img.webp,профнастил;уголок;110x110;7;8;стальной;110x110x7;мм,110x110,7 ; 8,ГОСТ 8509-93,т
Уголок,УГОЛОК,125x125,Уголок стальной 125x125x8 мм,"Уголок стальной 125x125x8 мм, сталь Ст3",8,53790,т,1,0,0,https://www.kavstal.ru/public/assets/images/products/SORTOVOI_PROKAT/UGOLOK/img.webp,профнастил;уголок;125x125;8;стальной;125x125x8;мм,125x125,8,ГОСТ 8509-93,т
Уголок,УГОЛОК,125x125,Уголок стальной 125x125x10 мм,"Уголок стальной 125x125x10 мм, сталь Ст3",10,52290,т,1,0,0,https://www.kavstal.ru/public/assets/images/products/SORTOVOI_PROKAT/UGOLOK/img.webp,профнастил;уголок;125x125;10;стальной;125x125x10;мм,125x125,10,ГОСТ 8509-93,т
Уголок,УГОЛОК,140x140,Уголок стальной 140x140x9 мм,"Уголок стальной 140x140x9 мм, сталь Ст3",9,87990,т,1,0,0,https://www.kavstal.ru/public/assets/images/products/SORTOVOI_PROKAT/UGOLOK/img.webp,профнастил;уголок;140x140;9;стальной;140x140x9;мм,140x140,9,ГОСТ 8509-93,т
Уголок,УГОЛОК,140x140,Уголок стальной 140x140x10 мм,"Уголок стальной 140x140x10 мм, сталь Ст3",10,89990,т,1,0,0,https://www.kavstal.ru/public/assets/images/products/SORTOVOI_PROKAT/UGOLOK/img.webp,профнастил;уголок;140x140;10;стальной;140x140x10;мм,140x140,10,ГОСТ 8509-93,т
Уголок,УГОЛОК,160x160,Уголок стальной 160x160x10 мм,"Уголок стальной 160x160x10 мм, сталь Ст3",10,116990,т,1,0,0,https://www.kavstal.ru/public/assets/images/products/SORTOVOI_PROKAT/UGOLOK/img.webp,профнастил;уголок;160x160;10;стальной;160x160x10;мм,160x160,10,ГОСТ 8509-93,т
Уголок,УГОЛОК,160x160,Уголок стальной 160x160x12 мм,"Уголок стальной 160x160x12 мм, сталь Ст3",12,119990,т,1,0,0,https://www.kavstal.ru/public/assets/images/products/SORTOVOI_PROKAT/UGOLOK/img.webp,профнастил;уголок;160x160;12;стальной;160x160x12;мм,160x160,12,ГОСТ 8509-93,т
Уголок,УГОЛОК НИЗКОЛЕГИР,125x80,Уголок 125x80x8 мм низколегированный,"Уголок 125x80x8 мм низколегированный, сталь Ст3",8,139990,т,1,0,0,https://www.kavstal.ru/public/assets/images/products/SORTOVOI_PROKAT/UGOLOK_NIZKOLEGIR/img.webp,сортовой прокат;уголок низколегир;125x80;8;10;уголок;125x80x8;мм;низколегированный,125x80,8 ; 10,ГОСТ 8509-93,т
Уголок,УГОЛОК НИЗКОЛЕГИР,140x90,Уголок 140x90x8 мм низколегированный,"Уголок 140x90x8 мм низколегированный, сталь Ст3",8,139990,т,1,0,0,https://www.kavstal.ru/public/assets/images/products/SORTOVOI_PROKAT/UGOLOK_NIZKOLEGIR/img.webp,сортовой прокат;уголок низколегир;140x90;8;уголок;140x90x8;мм;низколегированный,140x90,8,ГОСТ 8509-93,т
Уголок,УГОЛОК НИЗКОЛЕГИР,140x90,Уголок 140x90x10 мм низколегированный,"Уголок 140x90x10 мм низколегированный, сталь Ст3",10,142490,т,1,0,0,https://www.kavstal.ru/public/assets/images/products/SORTOVOI_PROKAT/UGOLOK_NIZKOLEGIR/img.webp,сортовой прокат;уголок низколегир;140x90;10;уголок;140x90x10;мм;низколегированный,140x90,10,ГОСТ 8509-93,т
Уголок,УГОЛОК НИЗКОЛЕГИР,160x100,Уголок 160x100x10 мм низколегированный,"Уголок 160x100x10 мм низколегированный, сталь Ст3",10,135490,т,1,0,0,https://www.kavstal.ru/public/assets/images/products/SORTOVOI_PROKAT/UGOLOK_NIZKOLEGIR/img.webp,сортовой прокат;уголок низколегир;160x100;10;уголок;160x100x10;мм;низколегированный,160x100,10,ГОСТ 8509-93,т
Уголок,УГОЛОК НИЗКОЛЕГИР,160x100,Уголок 160x100x12 мм низколегированный,"Уголок 160x100x12 мм низколегированный, сталь Ст3",12,141990,т,1,0,0,https://www.kavstal.ru/public/assets/images/products/SORTOVOI_PROKAT/UGOLOK_NIZKOLEGIR/img.webp,сортовой прокат;уголок низколегир;160x100;12;уголок;160x100x12;мм;низколегированный,160x100,12,ГОСТ 8509-93,т
Уголок,УГОЛОК НИЗКОЛЕГИР,160x100,Уголок 160x100x14 мм низколегированный,"Уголок 160x100x14 мм низколегированный, сталь Ст3",14,137490,т,1,0,0,https://www.kavstal.ru/public/assets/images/products/SORTOVOI_PROKAT/UGOLOK_NIZKOLEGIR/img.webp,сортовой прокат;уголок низколегир;160x100;14;уголок;160x100x14;мм;низколегированный,160x100,14,ГОСТ 8509-93,т
Уголок,УГОЛОК НИЗКОЛЕГИР,200x125,Уголок 200x125x12 мм низколегированный,"Уголок 200x125x12 мм низколегированный, сталь Ст3",12,137490,т,1,0,0,https://www.kavstal.ru/public/assets/images/products/SORTOVOI_PROKAT/UGOLOK_NIZKOLEGIR/img.webp,сортовой прокат;уголок низколегир;200x125;12;14;уголок;200x125x12;мм;низколегированный,200x125,12 ; 14,ГОСТ 8509-93,т
Уголок,УГОЛОК НИЗКОЛЕГИР,200x125,Уголок 200x125x16 мм низколегированный,"Уголок 200x125x16 мм низколегированный, сталь Ст3",16,141990,т,1,0,0,https://www.kavstal.ru/public/assets/images/products/SORTOVOI_PROKAT/UGOLOK_NIZKOLEGIR/img.webp,сортовой прокат;уголок низколегир;200x125;16;уголок;200x125x16;мм;низколегированный,200x125,16,ГОСТ 8509-93,т
Уголок,УГОЛОК НИЗКОЛЕГИР,25x25 6м,Уголок 25x25x4 мм низколегированный,"Уголок 25x25x4 мм низколегированный, сталь Ст3",4,86990,т,1,0,0,https://www.kavstal.ru/public/assets/images/products/SORTOVOI_PROKAT/UGOLOK_NIZKOLEGIR/img.webp,сортовой прокат;уголок низколегир;25x25 6м;4;уголок;25x25x4;мм;низколегированный,25x25 6м,4,ГОСТ 8509-93,т
Уголок,УГОЛОК НИЗКОЛЕГИР,32x32 6м,Уголок 32x32x4 мм низколегированный,"Уголок 32x32x4 мм низколегированный, сталь Ст3",4,86990,т,1,0,0,https://www.kavstal.ru/public/assets/images/products/SORTOVOI_PROKAT/UGOLOK_NIZKOLEGIR/img.webp,сортовой прокат;уголок низколегир;32x32 6м;4;уголок;32x32x4;мм;низколегированный,32x32 6м,4,ГОСТ 8509-93,т
Уголок,УГОЛОК НИЗКОЛЕГИР,35x35 6м,Уголок 35x35x4 мм низколегированный,"Уголок 35x35x4 мм низколегированный, сталь Ст3",4,86990,т,1,0,0,https://www.kavstal.ru/public/assets/images/products/SORTOVOI_PROKAT/UGOLOK_NIZKOLEGIR/img.webp,сортовой прокат;уголок низколегир;35x35 6м;4;уголок;35x35x4;мм;низколегированный,35x35 6м,4,ГОСТ 8509-93,т
Уголок,УГОЛОК НИЗКОЛЕГИР,40x40,Уголок 40x40x4 мм низколегированный,"Уголок 40x40x4 мм низколегированный, сталь Ст3",4,59990,т,1,0,0,https://www.kavstal.ru/public/assets/images/products/SORTOVOI_PROKAT/UGOLOK_NIZKOLEGIR/img.webp,сортовой прокат;уголок низколегир;40x40;4;уголок;40x40x4;мм;низколегированный,40x40,4,ГОСТ 8509-93,т
Уголок,УГОЛОК НИЗКОЛЕГИР,40x40 6м,Уголок 40x40x4 мм низколегированный,"Уголок 40x40x4 мм низколегированный, сталь Ст3",4,61990,т,1,0,0,https://www.kavstal.ru/public/assets/images/products/SORTOVOI_PROKAT/UGOLOK_NIZKOLEGIR/img.webp,сортовой прокат;уголок низколегир;40x40 6м;4;уголок;40x40x4;мм;низколегированный,40x40 6м,4,ГОСТ 8509-93,т
Уголок,УГОЛОК НИЗКОЛЕГИР,50x50,Уголок 50x50x4 мм низколегированный,"Уголок 50x50x4 мм низколегированный, сталь Ст3",4,56490,т,1,0,0,https://www.kavstal.ru/public/assets/images/products/SORTOVOI_PROKAT/UGOLOK_NIZKOLEGIR/img.webp,сортовой прокат;уголок низколегир;50x50;4;уголок;50x50x4;мм;низколегированный,50x50,4,ГОСТ 8509-93,т
Уголок,УГОЛОК НИЗКОЛЕГИР,50x50,Уголок 50x50x5 мм низколегированный,"Уголок 50x50x5 мм низколегированный, сталь Ст3",5,59490,т,1,0,0,https://www.kavstal.ru/public/assets/images/products/SORTOVOI_PROKAT/UGOLOK_NIZKOLEGIR/img.webp,сортовой прокат;уголок низколегир;50x50;5;уголок;50x50x5;мм;низколегированный,50x50,5,ГОСТ 8509-93,т
Уголок,УГОЛОК НИЗКОЛЕГИР,63x63,Уголок 63x63x5 мм низколегированный,"Уголок 63x63x5 мм низколегированный, сталь Ст3",5,58990,т,1,0,0,https://www.kavstal.ru/public/assets/images/products/SORTOVOI_PROKAT/UGOLOK_NIZKOLEGIR/img.webp,сортовой прокат;уголок низколегир;63x63;5;уголок;63x63x5;мм;низколегированный,63x63,5,ГОСТ 8509-93,т
Уголок,УГОЛОК НИЗКОЛЕГИР,63x63,Уголок 63x63x6 мм низколегированный,"Уголок 63x63x6 мм низколегированный, сталь Ст3",6,58490,т,1,0,0,https://www.kavstal.ru/public/assets/images/products/SORTOVOI_PROKAT/UGOLOK_NIZKOLEGIR/img.webp,сортовой прокат;уголок низколегир;63x63;6;уголок;63x63x6;мм;низколегированный,63x63,6,ГОСТ 8509-93,т
Уголок,УГОЛОК НИЗКОЛЕГИР,70x70,Уголок 70x70x5 мм низколегированный,"Уголок 70x70x5 мм низколегированный, сталь Ст3",5,61990,т,1,0,0,https://www.kavstal.ru/public/assets/images/products/SORTOVOI_PROKAT/UGOLOK_NIZKOLEGIR/img.webp,сортовой прокат;уголок низколегир;70x70;5;6;уголок;70x70x5;мм;низколегированный,70x70,5 ; 6,ГОСТ 8509-93,т
Уголок,УГОЛОК НИЗКОЛЕГИР,75x75,Уголок 75x75x5 мм низколегированный,"Уголок 75x75x5 мм низколегированный, сталь Ст3",5,61490,т,1,0,0,https://www.kavstal.ru/public/assets/images/products/SORTOVOI_PROKAT/UGOLOK_NIZKOLEGIR/img.webp,сортовой прокат;уголок низколегир;75x75;5;6;8;уголок;75x75x5;мм;низколегированный,75x75,5 ; 6; 8,ГОСТ 8509-93,т
Уголок,УГОЛОК НИЗКОЛЕГИР,80x80,Уголок 80x80x6 мм низколегированный,"Уголок 80x80x6 мм низколегированный, сталь Ст3",6,61490,т,1,0,0,https://www.kavstal.ru/public/assets/images/products/SORTOVOI_PROKAT/UGOLOK_NIZKOLEGIR/img.webp,сортовой прокат;уголок низколегир;80x80;6;уголок;80x80x6;мм;низколегированный,80x80,6,ГОСТ 8509-93,т
Уголок,УГОЛОК НИЗКОЛЕГИР,80x80,Уголок 80x80x7 мм низколегированный,"Уголок 80x80x7 мм низколегированный, сталь Ст3",7,59490,т,1,0,0,https://www.kavstal.ru/public/assets/images/products/SORTOVOI_PROKAT/UGOLOK_NIZKOLEGIR/img.webp,сортовой прокат;уголок низколегир;80x80;7;уголок;80x80x7;мм;низколегированный,80x80,7,ГОСТ 8509-93,т
Уголок,УГОЛОК НИЗКОЛЕГИР,80x80,Уголок 80x80x8 мм низколегированный,"Уголок 80x80x8 мм низколегированный, сталь Ст3",8,62490,т,1,0,0,https://www.kavstal.ru/public/assets/images/products/SORTOVOI_PROKAT/UGOLOK_NIZKOLEGIR/img.webp,сортовой прокат;уголок низколегир;80x80;8;уголок;80x80x8;мм;низколегированный,80x80,8,ГОСТ 8509-93,т
Уголок,УГОЛОК НИЗКОЛЕГИР,90x90,Уголок 90x90x6 мм низколегированный,"Уголок 90x90x6 мм низколегированный, сталь Ст3",6,61990,т,1,0,0,https://www.kavstal.ru/public/assets/images/products/SORTOVOI_PROKAT/UGOLOK_NIZKOLEGIR/img.webp,сортовой прокат;уголок низколегир;90x90;6;уголок;90x90x6;мм;низколегированный,90x90,6,ГОСТ 8509-93,т
Уголок,УГОЛОК НИЗКОЛЕГИР,90x90,Уголок 90x90x7 мм низколегированный,"Уголок 90x90x7 мм низколегированный, сталь Ст3",7,59490,т,1,0,0,https://www.kavstal.ru/public/assets/images/products/SORTOVOI_PROKAT/UGOLOK_NIZKOLEGIR/img.webp,сортовой прокат;уголок низколегир;90x90;7;уголок;90x90x7;мм;низколегированный,90x90,7,ГОСТ 8509-93,т
Уголок,УГОЛОК НИЗКОЛЕГИР,90x90,Уголок 90x90x8 мм низколегированный,"Уголок 90x90x8 мм низколегированный, сталь Ст3",8,61490,т,1,0,0,https://www.kavstal.ru/public/assets/images/products/SORTOVOI_PROKAT/UGOLOK_NIZKOLEGIR/img.webp,сортовой прокат;уголок низколегир;90x90;8;уголок;90x90x8;мм;низколегированный,90x90,8,ГОСТ 8509-93,т
Уголок,УГОЛОК НИЗКОЛЕГИР,100x100,Уголок 100x100x7 мм низколегированный,"Уголок 100x100x7 мм низколегированный, сталь Ст3",7,59990,т,1,0,0,https://www.kavstal.ru/public/assets/images/products/SORTOVOI_PROKAT/UGOLOK_NIZKOLEGIR/img.webp,сортовой прокат;уголок низколегир;100x100;7;уголок;100x100x7;мм;низколегированный,100x100,7,ГОСТ 8509-93,т
Уголок,УГОЛОК НИЗКОЛЕГИР,100x100,Уголок 100x100x8 мм низколегированный,"Уголок 100x100x8 мм низколегированный, сталь Ст3",8,62490,т,1,0,0,https://www.kavstal.ru/public/assets/images/products/SORTOVOI_PROKAT/UGOLOK_NIZKOLEGIR/img.webp,сортовой прокат;уголок низколегир;100x100;8;уголок;100x100x8;мм;низколегированный,100x100,8,ГОСТ 8509-93,т
Уголок,УГОЛОК НИЗКОЛЕГИР,100x100,Уголок 100x100x10 мм низколегированный,"Уголок 100x100x10 мм низколегированный, сталь Ст3",10,61490,т,1,0,0,https://www.kavstal.ru/public/assets/images/products/SORTOVOI_PROKAT/UGOLOK_NIZKOLEGIR/img.webp,сортовой прокат;уголок низколегир;100x100;10;уголок;100x100x10;мм;низколегированный,100x100,10,ГОСТ 8509-93,т
Уголок,УГОЛОК НИЗКОЛЕГИР,110x110,Уголок 110x110x7 мм низколегированный,"Уголок 110x110x7 мм низколегированный, сталь Ст3",7,62490,т,1,0,0,https://www.kavstal.ru/public/assets/images/products/SORTOVOI_PROKAT/UGOLOK_NIZKOLEGIR/img.webp,сортовой прокат;уголок низколегир;110x110;7;уголок;110x110x7;мм;низколегированный,110x110,7,ГОСТ 8509-93,т
Уголок,УГОЛОК НИЗКОЛЕГИР,110x110,Уголок 110x110x8 мм низколегированный,"Уголок 110x110x8 мм низколегированный, сталь Ст3",8,65990,т,1,0,0,https://www.kavstal.ru/public/assets/images/products/SORTOVOI_PROKAT/UGOLOK_NIZKOLEGIR/img.webp,сортовой прокат;уголок низколегир;110x110;8;уголок;110x110x8;мм;низколегированный,110x110,8,ГОСТ 8509-93,т
Уголок,УГОЛОК НИЗКОЛЕГИР,125x125,Уголок 125x125x8 мм низколегированный,"Уголок 125x125x8 мм низколегированный, сталь Ст3",8,62490,т,1,0,0,https://www.kavstal.ru/public/assets/images/products/SORTOVOI_PROKAT/UGOLOK_NIZKOLEGIR/img.webp,сортовой прокат;уголок низколегир;125x125;8;уголок;125x125x8;мм;низколегированный,125x125,8,ГОСТ 8509-93,т
Уголок,УГОЛОК НИЗКОЛЕГИР,125x125,Уголок 125x125x9 мм низколегированный,"Уголок 125x125x9 мм низколегированный, сталь Ст3",9,65490,т,1,0,0,https://www.kavstal.ru/public/assets/images/products/SORTOVOI_PROKAT/UGOLOK_NIZKOLEGIR/img.webp,сортовой прокат;уголок низколегир;125x125;9;уголок;125x125x9;мм;низколегированный,125x125,9,ГОСТ 8509-93,т
Уголок,УГОЛОК НИЗКОЛЕГИР,125x125,Уголок 125x125x10 мм низколегированный,"Уголок 125x125x10 мм низколегированный, сталь Ст3",10,63490,т,1,0,0,https://www.kavstal.ru/public/assets/images/products/SORTOVOI_PROKAT/UGOLOK_NIZKOLEGIR/img.webp,сортовой прокат;уголок низколегир;125x125;10;12;уголок;125x125x10;мм;низколегированный,125x125,10 ; 12,ГОСТ 8509-93,т
Уголок,УГОЛОК НИЗКОЛЕГИР,140x140,Уголок 140x140x9 мм низколегированный,"Уголок 140x140x9 мм низколегированный, сталь Ст3",9,99990,т,1,0,0,https://www.kavstal.ru/public/assets/images/products/SORTOVOI_PROKAT/UGOLOK_NIZKOLEGIR/img.webp,сортовой прокат;уголок низколегир;140x140;9;10;12;уголок;140x140x9;мм;низколегированный,140x140,9 ; 10; 12,ГОСТ 8509-93,т
Уголок,УГОЛОК НИЗКОЛЕГИР,160x160,Уголок 160x160x10 мм низколегированный,"Уголок 160x160x10 мм низколегированный, сталь Ст3",10,127490,т,1,0,0,https://www.kavstal.ru/public/assets/images/products/SORTOVOI_PROKAT/UGOLOK_NIZKOLEGIR/img.webp,сортовой прокат;уголок низколегир;160x160;10;уголок;160x160x10;мм;низколегированный,160x160,10,ГОСТ 8509-93,т
Уголок,УГОЛОК НИЗКОЛЕГИР,160x160,Уголок 160x160x12 мм низколегированный,"Уголок 160x160x12 мм низколегированный, сталь Ст3",12,129990,т,1,0,0,https://www.kavstal.ru/public/assets/images/products/SORTOVOI_PROKAT/UGOLOK_NIZKOLEGIR/img.webp,сортовой прокат;уголок низколегир;160x160;12;16;уголок;160x160x12;мм;низколегированный,160x160,12 ; 16,ГОСТ 8509-93,т
Уголок,УГОЛОК НИЗКОЛЕГИР,160x160,Уголок 160x160x20 мм низколегированный,"Уголок 160x160x20 мм низколегированный, сталь Ст3",20,134990,т,1,0,0,https://www.kavstal.ru/public/assets/images/products/SORTOVOI_PROKAT/UGOLOK_NIZKOLEGIR/img.webp,сортовой прокат;уголок низколегир;160x160;20;уголок;160x160x20;мм;низколегированный,160x160,20,ГОСТ 8509-93,т
Уголок,УГОЛОК НИЗКОЛЕГИР,180x180,Уголок 180x180x11 мм низколегированный,"Уголок 180x180x11 мм низколегированный, сталь Ст3",11,131990,т,1,0,0,https://www.kavstal.ru/public/assets/images/products/SORTOVOI_PROKAT/UGOLOK_NIZKOLEGIR/img.webp,сортовой прокат;уголок низколегир;180x180;11;12;уголок;180x180x11;мм;низколегированный,180x180,11 ; 12,ГОСТ 8509-93,т
Уголок,УГОЛОК НИЗКОЛЕГИР,200x200,Уголок 200x200x12 мм низколегированный,"Уголок 200x200x12 мм низколегированный, сталь Ст3",12,135490,т,1,0,0,https://www.kavstal.ru/public/assets/images/products/SORTOVOI_PROKAT/UGOLOK_NIZKOLEGIR/img.webp,сортовой прокат;уголок низколегир;200x200;12;14;уголок;200x200x12;мм;низколегированный,200x200,12 ; 14,ГОСТ 8509-93,т
Уголок,УГОЛОК НИЗКОЛЕГИР,200x200,Уголок 200x200x16 мм низколегированный,"Уголок 200x200x16 мм низколегированный, сталь Ст3",16,137490,т,1,0,0,https://www.kavstal.ru/public/assets/images/products/SORTOVOI_PROKAT/UGOLOK_NIZKOLEGIR/img.webp,сортовой прокат;уголок низколегир;200x200;16;20;уголок;200x200x16;мм;низколегированный,200x200,16 ; 20,ГОСТ 8509-93,т
Уголок,УГОЛОК НИЗКОЛЕГИР,250x250,Уголок 250x250x20 мм низколегированный,"Уголок 250x250x20 мм низколегированный, сталь Ст3",20,189990,т,1,0,0,https://www.kavstal.ru/public/assets/images/products/SORTOVOI_PROKAT/UGOLOK_NIZKOLEGIR/img.webp,сортовой прокат;уголок низколегир;250x250;20;уголок;250x250x20;мм;низколегированный,250x250,20,ГОСТ 8509-93,т
Уголок,УГОЛОК,63x40,Уголок стальной 63x40x5 мм,"Уголок стальной 63x40x5 мм, сталь Ст3",5,84990,т,1,0,0,https://www.kavstal.ru/public/assets/images/products/SORTOVOI_PROKAT/UGOLOK/img.webp,сортовой прокат;уголок;63x40;5;стальной;63x40x5;мм,63x40,5,ГОСТ 8509-93,т
Уголок,УГОЛОК,63x40,Уголок стальной 63x40x6 мм,"Уголок стальной 63x40x6 мм, сталь Ст3",6,91490,т,1,0,0,https://www.kavstal.ru/public/assets/images/products/SORTOVOI_PROKAT/UGOLOK/img.webp,сортовой прокат;уголок;63x40;6;стальной;63x40x6;мм,63x40,6,ГОСТ 8509-93,т
Уголок,УГОЛОК,75x50,Уголок стальной 75x50x5 мм,"Уголок стальной 75x50x5 мм, сталь Ст3",5,68490,т,1,0,0,https://www.kavstal.ru/public/assets/images/products/SORTOVOI_PROKAT/UGOLOK/img.webp,сортовой прокат;уголок;75x50;5;6;стальной;75x50x5;мм,75x50,5 ; 6,ГОСТ 8509-93,т
Уголок,УГОЛОК,100x63,Уголок стальной 100x63x6 мм,"Уголок стальной 100x63x6 мм, сталь Ст3",6,66490,т,1,0,0,https://www.kavstal.ru/public/assets/images/products/SORTOVOI_PROKAT/UGOLOK/img.webp,сортовой прокат;уголок;100x63;6;стальной;100x63x6;мм,100x63,6,ГОСТ 8509-93,т
Уголок,УГОЛОК,100x63,Уголок стальной 100x63x8 мм,"Уголок стальной 100x63x8 мм, сталь Ст3",8,64990,т,1,0,0,https://www.kavstal.ru/public/assets/images/products/SORTOVOI_PROKAT/UGOLOK/img.webp,сортовой прокат;уголок;100x63;8;стальной;100x63x8;мм,100x63,8,ГОСТ 8509-93,т
Уголок,УГОЛОК,125x80,Уголок стальной 125x80x8 мм,"Уголок стальной 125x80x8 мм, сталь Ст3",8,129490,т,1,0,0,https://www.kavstal.ru/public/assets/images/products/SORTOVOI_PROKAT/UGOLOK/img.webp,сортовой прокат;уголок;125x80;8;10;стальной;125x80x8;мм,125x80,8 ; 10,ГОСТ 8509-93,т
Уголок,УГОЛОК,140x90,Уголок стальной 140x90x8 мм,"Уголок стальной 140x90x8 мм, сталь Ст3",8,133490,т,1,0,0,https://www.kavstal.ru/public/assets/images/products/SORTOVOI_PROKAT/UGOLOK/img.webp,сортовой прокат;уголок;140x90;8;10;стальной;140x90x8;мм,140x90,8 ; 10,ГОСТ 8509-93,т
Уголок,УГОЛОК,160x100,Уголок стальной 160x100x10 мм,"Уголок стальной 160x100x10 мм, сталь Ст3",10,127490,т,1,0,0,https://www.kavstal.ru/public/assets/images/products/SORTOVOI_PROKAT/UGOLOK/img.webp,сортовой прокат;уголок;160x100;10;стальной;160x100x10;мм,160x100,10,ГОСТ 8509-93,т
Уголок,УГОЛОК,160x100,Уголок стальной 160x100x12 мм,"Уголок стальной 160x100x12 мм, сталь Ст3",12,128990,т,1,0,0,https://www.kavstal.ru/public/assets/images/products/SORTOVOI_PROKAT/UGOLOK/img.webp,сортовой прокат;уголок;160x100;12;стальной;160x100x12;мм,160x100,12,ГОСТ 8509-93,т
Уголок,УГОЛОК,160x100,Уголок стальной 160x100x14 мм,"Уголок стальной 160x100x14 мм, сталь Ст3",14,133490,т,1,0,0,https://www.kavstal.ru/public/assets/images/products/SORTOVOI_PROKAT/UGOLOK/img.webp,сортовой прокат;уголок;160x100;14;стальной;160x100x14;мм,160x100,14,ГОСТ 8509-93,т
Уголок,УГОЛОК,200x125,Уголок стальной 200x125x12 мм,"Уголок стальной 200x125x12 мм, сталь Ст3",12,134990,т,1,0,0,https://www.kavstal.ru/public/assets/images/products/SORTOVOI_PROKAT/UGOLOK/img.webp,сортовой прокат;уголок;200x125;12;стальной;200x125x12;мм,200x125,12,ГОСТ 8509-93,т
Уголок,УГОЛОК,200x125,Уголок стальной 200x125x14 мм,"Уголок стальной 200x125x14 мм, сталь Ст3",14,129990,т,1,0,0,https://www.kavstal.ru/public/assets/images/products/SORTOVOI_PROKAT/UGOLOK/img.webp,сортовой прокат;уголок;200x125;14;стальной;200x125x14;мм,200x125,14,ГОСТ 8509-93,т
Уголок,УГОЛОК,200x125,Уголок стальной 200x125x16 мм,"Уголок стальной 200x125x16 мм, сталь Ст3",16,134990,т,1,0,0,https://www.kavstal.ru/public/assets/images/products/SORTOVOI_PROKAT/UGOLOK/img.webp,сортовой прокат;уголок;200x125;16;стальной;200x125x16;мм,200x125,16,ГОСТ 8509-93,т
Уголок,УГОЛОК,25x25 6м,Уголок стальной 25x25x3 мм,"Уголок стальной 25x25x3 мм, сталь Ст3",3,61790,т,1,0,0,https://www.kavstal.ru/public/assets/images/products/SORTOVOI_PROKAT/UGOLOK/img.webp,сортовой прокат;уголок;25x25 6м;3;стальной;25x25x3;мм,25x25 6м,3,ГОСТ 8509-93,т
Уголок,УГОЛОК,25x25 6м,Уголок стальной 25x25x3 мм,"Уголок стальной 25x25x3 мм, сталь Ст3",3,61990,т,1,0,0,https://www.kavstal.ru/public/assets/images/products/SORTOVOI_PROKAT/UGOLOK/img.webp,сортовой прокат;уголок;25x25 6м;3;стальной;25x25x3;мм,25x25 6м,3,ГОСТ 8509-93,т
Уголок,УГОЛОК,25x25 6м,Уголок стальной 25x25x3 мм,"Уголок стальной 25x25x3 мм, сталь Ст3",3,62490,т,1,0,0,https://www.kavstal.ru/public/assets/images/products/SORTOVOI_PROKAT/UGOLOK/img.webp,сортовой прокат;уголок;25x25 6м;3;стальной;25x25x3;мм,25x25 6м,3,ГОСТ 8509-93,т
Уголок,УГОЛОК,25x25 6м,Уголок стальной 25x25x4 мм,"Уголок стальной 25x25x4 мм, сталь Ст3",4,60790,т,1,0,0,https://www.kavstal.ru/public/assets/images/products/SORTOVOI_PROKAT/UGOLOK/img.webp,сортовой прокат;уголок;25x25 6м;4;стальной;25x25x4;мм,25x25 6м,4,ГОСТ 8509-93,т
Уголок,УГОЛОК,25x25 6м,Уголок стальной 25x25x4 мм,"Уголок стальной 25x25x4 мм, сталь Ст3",4,60990,т,1,0,0,https://www.kavstal.ru/public/assets/images/products/SORTOVOI_PROKAT/UGOLOK/img.webp,сортовой прокат;уголок;25x25 6м;4;стальной;25x25x4;мм,25x25 6м,4,ГОСТ 8509-93,т
Уголок,УГОЛОК,25x25 6м,Уголок стальной 25x25x4 мм,"Уголок стальной 25x25x4 мм, сталь Ст3",4,61490,т,1,0,0,https://www.kavstal.ru/public/assets/images/products/SORTOVOI_PROKAT/UGOLOK/img.webp,сортовой прокат;уголок;25x25 6м;4;стальной;25x25x4;мм,25x25 6м,4,ГОСТ 8509-93,т
Уголок,УГОЛОК,32x32 6м,Уголок стальной 32x32x3 мм,"Уголок стальной 32x32x3 мм, сталь Ст3",3,61290,т,1,0,0,https://www.kavstal.ru/public/assets/images/products/SORTOVOI_PROKAT/UGOLOK/img.webp,сортовой прокат;уголок;32x32 6м;3;стальной;32x32x3;мм,32x32 6м,3,ГОСТ 8509-93,т
Уголок,УГОЛОК,32x32 6м,Уголок стальной 32x32x3 мм,"Уголок стальной 32x32x3 мм, сталь Ст3",3,61490,т,1,0,0,https://www.kavstal.ru/public/assets/images/products/SORTOVOI_PROKAT/UGOLOK/img.webp,сортовой прокат;уголок;32x32 6м;3;стальной;32x32x3;мм,32x32 6м,3,ГОСТ 8509-93,т
Уголок,УГОЛОК,32x32 6м,Уголок стальной 32x32x3 мм,"Уголок стальной 32x32x3 мм, сталь Ст3",3,61990,т,1,0,0,https://www.kavstal.ru/public/assets/images/products/SORTOVOI_PROKAT/UGOLOK/img.webp,сортовой прокат;уголок;32x32 6м;3;стальной;32x32x3;мм,32x32 6м,3,ГОСТ 8509-93,т
Уголок,УГОЛОК,32x32 6м,Уголок стальной 32x32x4 мм,"Уголок стальной 32x32x4 мм, сталь Ст3",4,61290,т,1,0,0,https://www.kavstal.ru/public/assets/images/products/SORTOVOI_PROKAT/UGOLOK/img.webp,сортовой прокат;уголок;32x32 6м;4;стальной;32x32x4;мм,32x32 6м,4,ГОСТ 8509-93,т
Уголок,УГОЛОК,32x32 6м,Уголок стальной 32x32x4 мм,"Уголок стальной 32x32x4 мм, сталь Ст3",4,61490,т,1,0,0,https://www.kavstal.ru/public/assets/images/products/SORTOVOI_PROKAT/UGOLOK/img.webp,сортовой прокат;уголок;32x32 6м;4;стальной;32x32x4;мм,32x32 6м,4,ГОСТ 8509-93,т
Уголок,УГОЛОК,32x32 6м,Уголок стальной 32x32x4 мм,"Уголок стальной 32x32x4 мм, сталь Ст3",4,61990,т,1,0,0,https://www.kavstal.ru/public/assets/images/products/SORTOVOI_PROKAT/UGOLOK/img.webp,сортовой прокат;уголок;32x32 6м;4;стальной;32x32x4;мм,32x32 6м,4,ГОСТ 8509-93,т
Уголок,УГОЛОК,35x35 6м,Уголок стальной 35x35x3 мм,"Уголок стальной 35x35x3 мм, сталь Ст3",3,63290,т,1,0,0,https://www.kavstal.ru/public/assets/images/products/SORTOVOI_PROKAT/UGOLOK/img.webp,сортовой прокат;уголок;35x35 6м;3;стальной;35x35x3;мм,35x35 6м,3,ГОСТ 8509-93,т
Уголок,УГОЛОК,35x35 6м,Уголок стальной 35x35x3 мм,"Уголок стальной 35x35x3 мм, сталь Ст3",3,63990,т,1,0,0,https://www.kavstal.ru/public/assets/images/products/SORTOVOI_PROKAT/UGOLOK/img.webp,сортовой прокат;уголок;35x35 6м;3;стальной;35x35x3;мм,35x35 6м,3,ГОСТ 8509-93,т
Уголок,УГОЛОК,35x35 6м,Уголок стальной 35x35x4 мм,"Уголок стальной 35x35x4 мм, сталь Ст3",4,61290,т,1,0,0,https://www.kavstal.ru/public/assets/images/products/SORTOVOI_PROKAT/UGOLOK/img.webp,сортовой прокат;уголок;35x35 6м;4;стальной;35x35x4;мм,35x35 6м,4,ГОСТ 8509-93,т
Уголок,УГОЛОК,35x35 6м,Уголок стальной 35x35x4 мм,"Уголок стальной 35x35x4 мм, сталь Ст3",4,61490,т,1,0,0,https://www.kavstal.ru/public/assets/images/products/SORTOVOI_PROKAT/UGOLOK/img.webp,сортовой прокат;уголок;35x35 6м;4;стальной;35x35x4;мм,35x35 6м,4,ГОСТ 8509-93,т
Уголок,УГОЛОК,35x35 6м,Уголок стальной 35x35x4 мм,"Уголок стальной 35x35x4 мм, сталь Ст3",4,61990,т,1,0,0,https://www.kavstal.ru/public/assets/images/products/SORTOVOI_PROKAT/UGOLOK/img.webp,сортовой прокат;уголок;35x35 6м;4;стальной;35x35x4;мм,35x35 6м,4,ГОСТ 8509-93,т
Уголок,УГОЛОК,40x40,Уголок стальной 40x40x3 мм,"Уголок стальной 40x40x3 мм, сталь Ст3",3,53790,т,1,0,0,https://www.kavstal.ru/public/assets/images/products/SORTOVOI_PROKAT/UGOLOK/img.webp,сортовой прокат;уголок;40x40;3;стальной;40x40x3;мм,40x40,3,ГОСТ 8509-93,т
Уголок,УГОЛОК,40x40,Уголок стальной 40x40x3 мм,"Уголок стальной 40x40x3 мм, сталь Ст3",3,53990,т,1,0,0,https://www.kavstal.ru/public/assets/images/products/SORTOVOI_PROKAT/UGOLOK/img.webp,сортовой прокат;уголок;40x40;3;стальной;40x40x3;мм,40x40,3,ГОСТ 8509-93,т
Уголок,УГОЛОК,40x40,Уголок стальной 40x40x3 мм,"Уголок стальной 40x40x3 мм, сталь Ст3",3,54490,т,1,0,0,https://www.kavstal.ru/public/assets/images/products/SORTOVOI_PROKAT/UGOLOK/img.webp,сортовой прокат;уголок;40x40;3;стальной;40x40x3;мм,40x40,3,ГОСТ 8509-93,т
Уголок,УГОЛОК,40x40,Уголок стальной 40x40x4 мм,"Уголок стальной 40x40x4 мм, сталь Ст3",4,50790,т,1,0,0,https://www.kavstal.ru/public/assets/images/products/SORTOVOI_PROKAT/UGOLOK/img.webp,сортовой прокат;уголок;40x40;4;стальной;40x40x4;мм,40x40,4,ГОСТ 8509-93,т
Уголок,УГОЛОК,40x40,Уголок стальной 40x40x4 мм,"Уголок стальной 40x40x4 мм, сталь Ст3",4,50990,т,1,0,0,https://www.kavstal.ru/public/assets/images/products/SORTOVOI_PROKAT/UGOLOK/img.webp,сортовой прокат;уголок;40x40;4;стальной;40x40x4;мм,40x40,4,ГОСТ 8509-93,т
Уголок,УГОЛОК,40x40,Уголок стальной 40x40x4 мм,"Уголок стальной 40x40x4 мм, сталь Ст3",4,51490,т,1,0,0,https://www.kavstal.ru/public/assets/images/products/SORTOVOI_PROKAT/UGOLOK/img.webp,сортовой прокат;уголок;40x40;4;стальной;40x40x4;мм,40x40,4,ГОСТ 8509-93,т
Уголок,УГОЛОК,40x40 6м,Уголок стальной 40x40x3 мм,"Уголок стальной 40x40x3 мм, сталь Ст3",3,53790,т,1,0,0,https://www.kavstal.ru/public/assets/images/products/SORTOVOI_PROKAT/UGOLOK/img.webp,сортовой прокат;уголок;40x40 6м;3;стальной;40x40x3;мм,40x40 6м,3,ГОСТ 8509-93,т
Уголок,УГОЛОК,40x40 6м,Уголок стальной 40x40x3 мм,"Уголок стальной 40x40x3 мм, сталь Ст3",3,53990,т,1,0,0,https://www.kavstal.ru/public/assets/images/products/SORTOVOI_PROKAT/UGOLOK/img.webp,сортовой прокат;уголок;40x40 6м;3;стальной;40x40x3;мм,40x40 6м,3,ГОСТ 8509-93,т
Уголок,УГОЛОК,40x40 6м,Уголок стальной 40x40x3 мм,"Уголок стальной 40x40x3 мм, сталь Ст3",3,54490,т,1,0,0,https://www.kavstal.ru/public/assets/images/products/SORTOVOI_PROKAT/UGOLOK/img.webp,сортовой прокат;уголок;40x40 6м;3;стальной;40x40x3;мм,40x40 6м,3,ГОСТ 8509-93,т
Уголок,УГОЛОК,40x40 6м,Уголок стальной 40x40x4 мм,"Уголок стальной 40x40x4 мм, сталь Ст3",4,50790,т,1,0,0,https://www.kavstal.ru/public/assets/images/products/SORTOVOI_PROKAT/UGOLOK/img.webp,сортовой прокат;уголок;40x40 6м;4;стальной;40x40x4;мм,40x40 6м,4,ГОСТ 8509-93,т
Уголок,УГОЛОК,40x40 6м,Уголок стальной 40x40x4 мм,"Уголок стальной 40x40x4 мм, сталь Ст3",4,50990,т,1,0,0,https://www.kavstal.ru/public/assets/images/products/SORTOVOI_PROKAT/UGOLOK/img.webp,сортовой прокат;уголок;40x40 6м;4;стальной;40x40x4;мм,40x40 6м,4,ГОСТ 8509-93,т
Уголок,УГОЛОК,40x40 6м,Уголок стальной 40x40x4 мм,"Уголок стальной 40x40x4 мм, сталь Ст3",4,51490,т,1,0,0,https://www.kavstal.ru/public/assets/images/products/SORTOVOI_PROKAT/UGOLOK/img.webp,сортовой прокат;уголок;40x40 6м;4;стальной;40x40x4;мм,40x40 6м,4,ГОСТ 8509-93,т
Уголок,УГОЛОК,40x40 6м,Уголок стальной 40x40x5 мм,"Уголок стальной 40x40x5 мм, сталь Ст3",5,56990,т,1,0,0,https://www.kavstal.ru/public/assets/images/products/SORTOVOI_PROKAT/UGOLOK/img.webp,сортовой прокат;уголок;40x40 6м;5;стальной;40x40x5;мм,40x40 6м,5,ГОСТ 8509-93,т
Уголок,УГОЛОК,45x45,Уголок стальной 45x45x4 мм,"Уголок стальной 45x45x4 мм, сталь Ст3",4,51290,т,1,0,0,https://www.kavstal.ru/public/assets/images/products/SORTOVOI_PROKAT/UGOLOK/img.webp,сортовой прокат;уголок;45x45;4;стальной;45x45x4;мм,45x45,4,ГОСТ 8509-93,т
Уголок,УГОЛОК,45x45,Уголок стальной 45x45x4 мм,"Уголок стальной 45x45x4 мм, сталь Ст3",4,51490,т,1,0,0,https://www.kavstal.ru/public/assets/images/products/SORTOVOI_PROKAT/UGOLOK/img.webp,сортовой прокат;уголок;45x45;4;стальной;45x45x4;мм,45x45,4,ГОСТ 8509-93,т
Уголок,УГОЛОК,45x45,Уголок стальной 45x45x4 мм,"Уголок стальной 45x45x4 мм, сталь Ст3",4,51990,т,1,0,0,https://www.kavstal.ru/public/assets/images/products/SORTOVOI_PROKAT/UGOLOK/img.webp,сортовой прокат;уголок;45x45;4;стальной;45x45x4;мм,45x45,4,ГОСТ 8509-93,т
Уголок,УГОЛОК,45x45,Уголок стальной 45x45x5 мм,"Уголок стальной 45x45x5 мм, сталь Ст3",5,50790,т,1,0,0,https://www.kavstal.ru/public/assets/images/products/SORTOVOI_PROKAT/UGOLOK/img.webp,сортовой прокат;уголок;45x45;5;стальной;45x45x5;мм,45x45,5,ГОСТ 8509-93,т
Уголок,УГОЛОК,45x45,Уголок стальной 45x45x5 мм,"Уголок стальной 45x45x5 мм, сталь Ст3",5,51490,т,1,0,0,https://www.kavstal.ru/public/assets/images/products/SORTOVOI_PROKAT/UGOLOK/img.webp,сортовой прокат;уголок;45x45;5;стальной;45x45x5;мм,45x45,5,ГОСТ 8509-93,т
Уголок,УГОЛОК,45x45 6м,Уголок стальной 45x45x4 мм,"Уголок стальной 45x45x4 мм, сталь Ст3",4,52290,т,1,0,0,https://www.kavstal.ru/public/assets/images/products/SORTOVOI_PROKAT/UGOLOK/img.webp,сортовой прокат;уголок;45x45 6м;4;стальной;45x45x4;мм,45x45 6м,4,ГОСТ 8509-93,т
Уголок,УГОЛОК,45x45 6м,Уголок стальной 45x45x4 мм,"Уголок стальной 45x45x4 мм, сталь Ст3",4,52490,т,1,0,0,https://www.kavstal.ru/public/assets/images/products/SORTOVOI_PROKAT/UGOLOK/img.webp,сортовой прокат;уголок;45x45 6м;4;стальной;45x45x4;мм,45x45 6м,4,ГОСТ 8509-93,т
Уголок,УГОЛОК,45x45 6м,Уголок стальной 45x45x4 мм,"Уголок стальной 45x45x4 мм, сталь Ст3",4,52990,т,1,0,0,https://www.kavstal.ru/public/assets/images/products/SORTOVOI_PROKAT/UGOLOK/img.webp,сортовой прокат;уголок;45x45 6м;4;5;стальной;45x45x4;мм,45x45 6м,4 ; 5,ГОСТ 8509-93,т
Уголок,УГОЛОК,50x50,Уголок стальной 50x50x4 мм,"Уголок стальной 50x50x4 мм, сталь Ст3",4,48790,т,1,0,0,https://www.kavstal.ru/public/assets/images/products/SORTOVOI_PROKAT/UGOLOK/img.webp,сортовой прокат;уголок;50x50;4;стальной;50x50x4;мм,50x50,4,ГОСТ 8509-93,т
Уголок,УГОЛОК,50x50,Уголок стальной 50x50x4 мм,"Уголок стальной 50x50x4 мм, сталь Ст3",4,49490,т,1,0,0,https://www.kavstal.ru/public/assets/images/products/SORTOVOI_PROKAT/UGOLOK/img.webp,сортовой прокат;уголок;50x50;4;стальной;50x50x4;мм,50x50,4,ГОСТ 8509-93,т
Уголок,УГОЛОК,50x50,Уголок стальной 50x50x5 мм,"Уголок стальной 50x50x5 мм, сталь Ст3",5,48790,т,1,0,0,https://www.kavstal.ru/public/assets/images/products/SORTOVOI_PROKAT/UGOLOK/img.webp,сортовой прокат;уголок;50x50;5;стальной;50x50x5;мм,50x50,5,ГОСТ 8509-93,т
Уголок,УГОЛОК,50x50,Уголок стальной 50x50x5 мм,"Уголок стальной 50x50x5 мм, сталь Ст3",5,48990,т,1,0,0,https://www.kavstal.ru/public/assets/images/products/SORTOVOI_PROKAT/UGOLOK/img.webp,сортовой прокат;уголок;50x50;5;стальной;50x50x5;мм,50x50,5,ГОСТ 8509-93,т
Уголок,УГОЛОК,50x50,Уголок стальной 50x50x5 мм,"Уголок стальной 50x50x5 мм, сталь Ст3",5,49490,т,1,0,0,https://www.kavstal.ru/public/assets/images/products/SORTOVOI_PROKAT/UGOLOK/img.webp,сортовой прокат;уголок;50x50;5;стальной;50x50x5;мм,50x50,5,ГОСТ 8509-93,т
Уголок,УГОЛОК,50x50 К,Уголок стальной 50x50x4 мм,"Уголок стальной 50x50x4 мм, сталь Ст3",4,42000,т,1,0,0,https://www.kavstal.ru/public/assets/images/products/SORTOVOI_PROKAT/UGOLOK/img.webp,сортовой прокат;уголок;50x50 к;4;стальной;50x50x4;мм,50x50 К,4,ГОСТ 8509-93,т
Уголок,УГОЛОК,50x50 К,Уголок стальной 50x50x4 мм,"Уголок стальной 50x50x4 мм, сталь Ст3",4,45000,т,1,0,0,https://www.kavstal.ru/public/assets/images/products/SORTOVOI_PROKAT/UGOLOK/img.webp,сортовой прокат;уголок;50x50 к;4;стальной;50x50x4;мм,50x50 К,4,ГОСТ 8509-93,т
Уголок,УГОЛОК,50x50 К,Уголок стальной 50x50x4 мм,"Уголок стальной 50x50x4 мм, сталь Ст3",4,46000,т,1,0,0,https://www.kavstal.ru/public/assets/images/products/SORTOVOI_PROKAT/UGOLOK/img.webp,сортовой прокат;уголок;50x50 к;4;стальной;50x50x4;мм,50x50 К,4,ГОСТ 8509-93,т
Уголок,УГОЛОК,50x50 К,Уголок стальной 50x50x5 мм,"Уголок стальной 50x50x5 мм, сталь Ст3",5,42000,т,1,0,0,https://www.kavstal.ru/public/assets/images/products/SORTOVOI_PROKAT/UGOLOK/img.webp,сортовой прокат;уголок;50x50 к;5;стальной;50x50x5;мм,50x50 К,5,ГОСТ 8509-93,т
Уголок,УГОЛОК,50x50 К,Уголок стальной 50x50x5 мм,"Уголок стальной 50x50x5 мм, сталь Ст3",5,44000,т,1,0,0,https://www.kavstal.ru/public/assets/images/products/SORTOVOI_PROKAT/UGOLOK/img.webp,сортовой прокат;уголок;50x50 к;5;стальной;50x50x5;мм,50x50 К,5,ГОСТ 8509-93,т
Уголок,УГОЛОК,50x50 К,Уголок стальной 50x50x5 мм,"Уголок стальной 50x50x5 мм, сталь Ст3",5,45000,т,1,0,0,https://www.kavstal.ru/public/assets/images/products/SORTOVOI_PROKAT/UGOLOK/img.webp,сортовой прокат;уголок;50x50 к;5;стальной;50x50x5;мм,50x50 К,5,ГОСТ 8509-93,т
Уголок,УГОЛОК,50x50 6м,Уголок стальной 50x50x4 мм,"Уголок стальной 50x50x4 мм, сталь Ст3",4,48790,т,1,0,0,https://www.kavstal.ru/public/assets/images/products/SORTOVOI_PROKAT/UGOLOK/img.webp,сортовой прокат;уголок;50x50 6м;4;стальной;50x50x4;мм,50x50 6м,4,ГОСТ 8509-93,т
Уголок,УГОЛОК,50x50 6м,Уголок стальной 50x50x4 мм,"Уголок стальной 50x50x4 мм, сталь Ст3",4,48990,т,1,0,0,https://www.kavstal.ru/public/assets/images/products/SORTOVOI_PROKAT/UGOLOK/img.webp,сортовой прокат;уголок;50x50 6м;4;стальной;50x50x4;мм,50x50 6м,4,ГОСТ 8509-93,т
Уголок,УГОЛОК,50x50 6м,Уголок стальной 50x50x4 мм,"Уголок стальной 50x50x4 мм, сталь Ст3",4,49490,т,1,0,0,https://www.kavstal.ru/public/assets/images/products/SORTOVOI_PROKAT/UGOLOK/img.webp,сортовой прокат;уголок;50x50 6м;4;стальной;50x50x4;мм,50x50 6м,4,ГОСТ 8509-93,т
Уголок,УГОЛОК,50x50 6м,Уголок стальной 50x50x5 мм,"Уголок стальной 50x50x5 мм, сталь Ст3",5,49290,т,1,0,0,https://www.kavstal.ru/public/assets/images/products/SORTOVOI_PROKAT/UGOLOK/img.webp,сортовой прокат;уголок;50x50 6м;5;стальной;50x50x5;мм,50x50 6м,5,ГОСТ 8509-93,т
Уголок,УГОЛОК,50x50 6м,Уголок стальной 50x50x5 мм,"Уголок стальной 50x50x5 мм, сталь Ст3",5,49490,т,1,0,0,https://www.kavstal.ru/public/assets/images/products/SORTOVOI_PROKAT/UGOLOK/img.webp,сортовой прокат;уголок;50x50 6м;5;стальной;50x50x5;мм,50x50 6м,5,ГОСТ 8509-93,т
Уголок,УГОЛОК,50x50 6м,Уголок стальной 50x50x5 мм,"Уголок стальной 50x50x5 мм, сталь Ст3",5,49990,т,1,0,0,https://www.kavstal.ru/public/assets/images/products/SORTOVOI_PROKAT/UGOLOK/img.webp,сортовой прокат;уголок;50x50 6м;5;стальной;50x50x5;мм,50x50 6м,5,ГОСТ 8509-93,т
Уголок,УГОЛОК,50x50 6м оцинк,Уголок стальной 50x50x4 мм,"Уголок стальной 50x50x4 мм, сталь Ст3",4,107990,т,1,0,0,https://www.kavstal.ru/public/assets/images/products/SORTOVOI_PROKAT/UGOLOK/img.webp,сортовой прокат;уголок;50x50 6м оцинк;4;стальной;50x50x4;мм,50x50 6м оцинк,4,ГОСТ 8509-93,т
Уголок,УГОЛОК,50x50 6м оцинк,Уголок стальной 50x50x5 мм,"Уголок стальной 50x50x5 мм, сталь Ст3",5,99990,т,1,0,0,https://www.kavstal.ru/public/assets/images/products/SORTOVOI_PROKAT/UGOLOK/img.webp,сортовой прокат;уголок;50x50 6м оцинк;5;стальной;50x50x5;мм,50x50 6м оцинк,5,ГОСТ 8509-93,т
Уголок,УГОЛОК,63x63,Уголок стальной 63x63x4 мм,"Уголок стальной 63x63x4 мм, сталь Ст3",4,50790,т,1,0,0,https://www.kavstal.ru/public/assets/images/products/SORTOVOI_PROKAT/UGOLOK/img.webp,сортовой прокат;уголок;63x63;4;стальной;63x63x4;мм,63x63,4,ГОСТ 8509-93,т
Уголок,УГОЛОК,63x63,Уголок стальной 63x63x4 мм,"Уголок стальной 63x63x4 мм, сталь Ст3",4,50990,т,1,0,0,https://www.kavstal.ru/public/assets/images/products/SORTOVOI_PROKAT/UGOLOK/img.webp,сортовой прокат;уголок;63x63;4;стальной;63x63x4;мм,63x63,4,ГОСТ 8509-93,т
Уголок,УГОЛОК,63x63,Уголок стальной 63x63x4 мм,"Уголок стальной 63x63x4 мм, сталь Ст3",4,51490,т,1,0,0,https://www.kavstal.ru/public/assets/images/products/SORTOVOI_PROKAT/UGOLOK/img.webp,сортовой прокат;уголок;63x63;4;стальной;63x63x4;мм,63x63,4,ГОСТ 8509-93,т
Уголок,УГОЛОК,63x63,Уголок стальной 63x63x5 мм,"Уголок стальной 63x63x5 мм, сталь Ст3",5,48290,т,1,0,0,https://www.kavstal.ru/public/assets/images/products/SORTOVOI_PROKAT/UGOLOK/img.webp,сортовой прокат;уголок;63x63;5;стальной;63x63x5;мм,63x63,5,ГОСТ 8509-93,т
Уголок,УГОЛОК,63x63,Уголок стальной 63x63x5 мм,"Уголок стальной 63x63x5 мм, сталь Ст3",5,48490,т,1,0,0,https://www.kavstal.ru/public/assets/images/products/SORTOVOI_PROKAT/UGOLOK/img.webp,сортовой прокат;уголок;63x63;5;стальной;63x63x5;мм,63x63,5,ГОСТ 8509-93,т
Уголок,УГОЛОК,63x63,Уголок стальной 63x63x5 мм,"Уголок стальной 63x63x5 мм, сталь Ст3",5,48990,т,1,0,0,https://www.kavstal.ru/public/assets/images/products/SORTOVOI_PROKAT/UGOLOK/img.webp,сортовой прокат;уголок;63x63;5;стальной;63x63x5;мм,63x63,5,ГОСТ 8509-93,т
Уголок,УГОЛОК,63x63,Уголок стальной 63x63x6 мм,"Уголок стальной 63x63x6 мм, сталь Ст3",6,49290,т,1,0,0,https://www.kavstal.ru/public/assets/images/products/SORTOVOI_PROKAT/UGOLOK/img.webp,сортовой прокат;уголок;63x63;6;стальной;63x63x6;мм,63x63,6,ГОСТ 8509-93,т
Уголок,УГОЛОК,63x63,Уголок стальной 63x63x6 мм,"Уголок стальной 63x63x6 мм, сталь Ст3",6,49490,т,1,0,0,https://www.kavstal.ru/public/assets/images/products/SORTOVOI_PROKAT/UGOLOK/img.webp,сортовой прокат;уголок;63x63;6;стальной;63x63x6;мм,63x63,6,ГОСТ 8509-93,т
Уголок,УГОЛОК,63x63,Уголок стальной 63x63x6 мм,"Уголок стальной 63x63x6 мм, сталь Ст3",6,49990,т,1,0,0,https://www.kavstal.ru/public/assets/images/products/SORTOVOI_PROKAT/UGOLOK/img.webp,сортовой прокат;уголок;63x63;6;стальной;63x63x6;мм,63x63,6,ГОСТ 8509-93,т
Уголок,УГОЛОК,63x63 6м,Уголок стальной 63x63x4 мм,"Уголок стальной 63x63x4 мм, сталь Ст3",4,50990,т,1,0,0,https://www.kavstal.ru/public/assets/images/products/SORTOVOI_PROKAT/UGOLOK/img.webp,сортовой прокат;уголок;63x63 6м;4;стальной;63x63x4;мм,63x63 6м,4,ГОСТ 8509-93,т
Уголок,УГОЛОК,63x63 6м,Уголок стальной 63x63x4 мм,"Уголок стальной 63x63x4 мм, сталь Ст3",4,51490,т,1,0,0,https://www.kavstal.ru/public/assets/images/products/SORTOVOI_PROKAT/UGOLOK/img.webp,сортовой прокат;уголок;63x63 6м;4;стальной;63x63x4;мм,63x63 6м,4,ГОСТ 8509-93,т
Уголок,УГОЛОК,63x63 6м,Уголок стальной 63x63x5 мм,"Уголок стальной 63x63x5 мм, сталь Ст3",5,47790,т,1,0,0,https://www.kavstal.ru/public/assets/images/products/SORTOVOI_PROKAT/UGOLOK/img.webp,сортовой прокат;уголок;63x63 6м;5;стальной;63x63x5;мм,63x63 6м,5,ГОСТ 8509-93,т
Уголок,УГОЛОК,63x63 6м,Уголок стальной 63x63x5 мм,"Уголок стальной 63x63x5 мм, сталь Ст3",5,47990,т,1,0,0,https://www.kavstal.ru/public/assets/images/products/SORTOVOI_PROKAT/UGOLOK/img.webp,сортовой прокат;уголок;63x63 6м;5;стальной;63x63x5;мм,63x63 6м,5,ГОСТ 8509-93,т
Уголок,УГОЛОК,63x63 6м,Уголок стальной 63x63x5 мм,"Уголок стальной 63x63x5 мм, сталь Ст3",5,48490,т,1,0,0,https://www.kavstal.ru/public/assets/images/products/SORTOVOI_PROKAT/UGOLOK/img.webp,сортовой прокат;уголок;63x63 6м;5;стальной;63x63x5;мм,63x63 6м,5,ГОСТ 8509-93,т
Уголок,УГОЛОК,63x63 6м,Уголок стальной 63x63x6 мм,"Уголок стальной 63x63x6 мм, сталь Ст3",6,49290,т,1,0,0,https://www.kavstal.ru/public/assets/images/products/SORTOVOI_PROKAT/UGOLOK/img.webp,сортовой прокат;уголок;63x63 6м;6;стальной;63x63x6;мм,63x63 6м,6,ГОСТ 8509-93,т
Уголок,УГОЛОК,63x63 6м,Уголок стальной 63x63x6 мм,"Уголок стальной 63x63x6 мм, сталь Ст3",6,49990,т,1,0,0,https://www.kavstal.ru/public/assets/images/products/SORTOVOI_PROKAT/UGOLOK/img.webp,сортовой прокат;уголок;63x63 6м;6;стальной;63x63x6;мм,63x63 6м,6,ГОСТ 8509-93,т
Уголок,УГОЛОК,70x70,Уголок стальной 70x70x5 мм,"Уголок стальной 70x70x5 мм, сталь Ст3",5,55290,т,1,0,0,https://www.kavstal.ru/public/assets/images/products/SORTOVOI_PROKAT/UGOLOK/img.webp,сортовой прокат;уголок;70x70;5;стальной;70x70x5;мм,70x70,5,ГОСТ 8509-93,т
Уголок,УГОЛОК,70x70,Уголок стальной 70x70x5 мм,"Уголок стальной 70x70x5 мм, сталь Ст3",5,55490,т,1,0,0,https://www.kavstal.ru/public/assets/images/products/SORTOVOI_PROKAT/UGOLOK/img.webp,сортовой прокат;уголок;70x70;5;стальной;70x70x5;мм,70x70,5,ГОСТ 8509-93,т
Уголок,УГОЛОК,70x70,Уголок стальной 70x70x5 мм,"Уголок стальной 70x70x5 мм, сталь Ст3",5,55990,т,1,0,0,https://www.kavstal.ru/public/assets/images/products/SORTOVOI_PROKAT/UGOLOK/img.webp,сортовой прокат;уголок;70x70;5;стальной;70x70x5;мм,70x70,5,ГОСТ 8509-93,т
Уголок,УГОЛОК,70x70,Уголок стальной 70x70x6 мм,"Уголок стальной 70x70x6 мм, сталь Ст3",6,53290,т,1,0,0,https://www.kavstal.ru/public/assets/images/products/SORTOVOI_PROKAT/UGOLOK/img.webp,сортовой прокат;уголок;70x70;6;стальной;70x70x6;мм,70x70,6,ГОСТ 8509-93,т
Уголок,УГОЛОК,70x70,Уголок стальной 70x70x6 мм,"Уголок стальной 70x70x6 мм, сталь Ст3",6,53490,т,1,0,0,https://www.kavstal.ru/public/assets/images/products/SORTOVOI_PROKAT/UGOLOK/img.webp,сортовой прокат;уголок;70x70;6;стальной;70x70x6;мм,70x70,6,ГОСТ 8509-93,т
Уголок,УГОЛОК,70x70,Уголок стальной 70x70x6 мм,"Уголок стальной 70x70x6 мм, сталь Ст3",6,53990,т,1,0,0,https://www.kavstal.ru/public/assets/images/products/SORTOVOI_PROKAT/UGOLOK/img.webp,сортовой прокат;уголок;70x70;6;стальной;70x70x6;мм,70x70,6,ГОСТ 8509-93,т
Уголок,УГОЛОК,70x70,Уголок стальной 70x70x7 мм,"Уголок стальной 70x70x7 мм, сталь Ст3",7,54990,т,1,0,0,https://www.kavstal.ru/public/assets/images/products/SORTOVOI_PROKAT/UGOLOK/img.webp,сортовой прокат;уголок;70x70;7;стальной;70x70x7;мм,70x70,7,ГОСТ 8509-93,т
Уголок,УГОЛОК,70x70 6м,Уголок стальной 70x70x5 мм,"Уголок стальной 70x70x5 мм, сталь Ст3",5,52790,т,1,0,0,https://www.kavstal.ru/public/assets/images/products/SORTOVOI_PROKAT/UGOLOK/img.webp,сортовой прокат;уголок;70x70 6м;5;стальной;70x70x5;мм,70x70 6м,5,ГОСТ 8509-93,т
Уголок,УГОЛОК,70x70 6м,Уголок стальной 70x70x5 мм,"Уголок стальной 70x70x5 мм, сталь Ст3",5,52990,т,1,0,0,https://www.kavstal.ru/public/assets/images/products/SORTOVOI_PROKAT/UGOLOK/img.webp,сортовой прокат;уголок;70x70 6м;5;стальной;70x70x5;мм,70x70 6м,5,ГОСТ 8509-93,т
Уголок,УГОЛОК,70x70 6м,Уголок стальной 70x70x5 мм,"Уголок стальной 70x70x5 мм, сталь Ст3",5,53490,т,1,0,0,https://www.kavstal.ru/public/assets/images/products/SORTOVOI_PROKAT/UGOLOK/img.webp,сортовой прокат;уголок;70x70 6м;5;стальной;70x70x5;мм,70x70 6м,5,ГОСТ 8509-93,т
Уголок,УГОЛОК,70x70 6м,Уголок стальной 70x70x6 мм,"Уголок стальной 70x70x6 мм, сталь Ст3",6,52990,т,1,0,0,https://www.kavstal.ru/public/assets/images/products/SORTOVOI_PROKAT/UGOLOK/img.webp,сортовой прокат;уголок;70x70 6м;6;стальной;70x70x6;мм,70x70 6м,6,ГОСТ 8509-93,т
Уголок,УГОЛОК,70x70 н/д,Уголок стальной 70x70x6 мм,"Уголок стальной 70x70x6 мм, сталь Ст3",6,48990,т,1,0,0,https://www.kavstal.ru/public/assets/images/products/SORTOVOI_PROKAT/UGOLOK/img.webp,сортовой прокат;уголок;70x70 н/д;6;стальной;70x70x6;мм,70x70 н/д,6,ГОСТ 8509-93,т
Уголок,УГОЛОК,75x75,Уголок стальной 75x75x5 мм,"Уголок стальной 75x75x5 мм, сталь Ст3",5,51290,т,1,0,0,https://www.kavstal.ru/public/assets/images/products/SORTOVOI_PROKAT/UGOLOK/img.webp,сортовой прокат;уголок;75x75;5;стальной;75x75x5;мм,75x75,5,ГОСТ 8509-93,т
Уголок,УГОЛОК,75x75,Уголок стальной 75x75x5 мм,"Уголок стальной 75x75x5 мм, сталь Ст3",5,51990,т,1,0,0,https://www.kavstal.ru/public/assets/images/products/SORTOVOI_PROKAT/UGOLOK/img.webp,сортовой прокат;уголок;75x75;5;стальной;75x75x5;мм,75x75,5,ГОСТ 8509-93,т
Уголок,УГОЛОК,75x75,Уголок стальной 75x75x6 мм,"Уголок стальной 75x75x6 мм, сталь Ст3",6,52790,т,1,0,0,https://www.kavstal.ru/public/assets/images/products/SORTOVOI_PROKAT/UGOLOK/img.webp,сортовой прокат;уголок;75x75;6;стальной;75x75x6;мм,75x75,6,ГОСТ 8509-93,т
Уголок,УГОЛОК,75x75,Уголок стальной 75x75x6 мм,"Уголок стальной 75x75x6 мм, сталь Ст3",6,52990,т,1,0,0,https://www.kavstal.ru/public/assets/images/products/SORTOVOI_PROKAT/UGOLOK/img.webp,сортовой прокат;уголок;75x75;6;стальной;75x75x6;мм,75x75,6,ГОСТ 8509-93,т
Уголок,УГОЛОК,75x75,Уголок стальной 75x75x6 мм,"Уголок стальной 75x75x6 мм, сталь Ст3",6,53490,т,1,0,0,https://www.kavstal.ru/public/assets/images/products/SORTOVOI_PROKAT/UGOLOK/img.webp,сортовой прокат;уголок;75x75;6;стальной;75x75x6;мм,75x75,6,ГОСТ 8509-93,т
Уголок,УГОЛОК,75x75,Уголок стальной 75x75x7 мм,"Уголок стальной 75x75x7 мм, сталь Ст3",7,51990,т,1,0,0,https://www.kavstal.ru/public/assets/images/products/SORTOVOI_PROKAT/UGOLOK/img.webp,сортовой прокат;уголок;75x75;7;стальной;75x75x7;мм,75x75,7,ГОСТ 8509-93,т
Уголок,УГОЛОК,75x75,Уголок стальной 75x75x8 мм,"Уголок стальной 75x75x8 мм, сталь Ст3",8,50790,т,1,0,0,https://www.kavstal.ru/public/assets/images/products/SORTOVOI_PROKAT/UGOLOK/img.webp,сортовой прокат;уголок;75x75;8;стальной;75x75x8;мм,75x75,8,ГОСТ 8509-93,т
Уголок,УГОЛОК,75x75,Уголок стальной 75x75x8 мм,"Уголок стальной 75x75x8 мм, сталь Ст3",8,50990,т,1,0,0,https://www.kavstal.ru/public/assets/images/products/SORTOVOI_PROKAT/UGOLOK/img.webp,сортовой прокат;уголок;75x75;8;стальной;75x75x8;мм,75x75,8,ГОСТ 8509-93,т
Уголок,УГОЛОК,75x75,Уголок стальной 75x75x8 мм,"Уголок стальной 75x75x8 мм, сталь Ст3",8,51490,т,1,0,0,https://www.kavstal.ru/public/assets/images/products/SORTOVOI_PROKAT/UGOLOK/img.webp,сортовой прокат;уголок;75x75;8;стальной;75x75x8;мм,75x75,8,ГОСТ 8509-93,т
Уголок,УГОЛОК,75x75,Уголок стальной 75x75x9 мм,"Уголок стальной 75x75x9 мм, сталь Ст3",9,53990,т,1,0,0,https://www.kavstal.ru/public/assets/images/products/SORTOVOI_PROKAT/UGOLOK/img.webp,сортовой прокат;уголок;75x75;9;стальной;75x75x9;мм,75x75,9,ГОСТ 8509-93,т
Уголок,УГОЛОК,75x75 6м,Уголок стальной 75x75x5 мм,"Уголок стальной 75x75x5 мм, сталь Ст3",5,51790,т,1,0,0,https://www.kavstal.ru/public/assets/images/products/SORTOVOI_PROKAT/UGOLOK/img.webp,сортовой прокат;уголок;75x75 6м;5;стальной;75x75x5;мм,75x75 6м,5,ГОСТ 8509-93,т
Уголок,УГОЛОК,75x75 6м,Уголок стальной 75x75x5 мм,"Уголок стальной 75x75x5 мм, сталь Ст3",5,52490,т,1,0,0,https://www.kavstal.ru/public/assets/images/products/SORTOVOI_PROKAT/UGOLOK/img.webp,сортовой прокат;уголок;75x75 6м;5;стальной;75x75x5;мм,75x75 6м,5,ГОСТ 8509-93,т
Уголок,УГОЛОК,75x75 6м,Уголок стальной 75x75x6 мм,"Уголок стальной 75x75x6 мм, сталь Ст3",6,52990,т,1,0,0,https://www.kavstal.ru/public/assets/images/products/SORTOVOI_PROKAT/UGOLOK/img.webp,сортовой прокат;уголок;75x75 6м;6;стальной;75x75x6;мм,75x75 6м,6,ГОСТ 8509-93,т
Уголок,УГОЛОК,75x75 6м,Уголок стальной 75x75x6 мм,"Уголок стальной 75x75x6 мм, сталь Ст3",6,53490,т,1,0,0,https://www.kavstal.ru/public/assets/images/products/SORTOVOI_PROKAT/UGOLOK/img.webp,сортовой прокат;уголок;75x75 6м;6;стальной;75x75x6;мм,75x75 6м,6,ГОСТ 8509-93,т
Уголок,УГОЛОК,75x75 6м,Уголок стальной 75x75x8 мм,"Уголок стальной 75x75x8 мм, сталь Ст3",8,51490,т,1,0,0,https://www.kavstal.ru/public/assets/images/products/SORTOVOI_PROKAT/UGOLOK/img.webp,сортовой прокат;уголок;75x75 6м;8;стальной;75x75x8;мм,75x75 6м,8,ГОСТ 8509-93,т
Уголок,УГОЛОК,80x80,Уголок стальной 80x80x6 мм,"Уголок стальной 80x80x6 мм, сталь Ст3",6,54290,т,1,0,0,https://www.kavstal.ru/public/assets/images/products/SORTOVOI_PROKAT/UGOLOK/img.webp,сортовой прокат;уголок;80x80;6;стальной;80x80x6;мм,80x80,6,ГОСТ 8509-93,т
Уголок,УГОЛОК,80x80,Уголок стальной 80x80x6 мм,"Уголок стальной 80x80x6 мм, сталь Ст3",6,54490,т,1,0,0,https://www.kavstal.ru/public/assets/images/products/SORTOVOI_PROKAT/UGOLOK/img.webp,сортовой прокат;уголок;80x80;6;стальной;80x80x6;мм,80x80,6,ГОСТ 8509-93,т
Уголок,УГОЛОК,80x80,Уголок стальной 80x80x6 мм,"Уголок стальной 80x80x6 мм, сталь Ст3",6,54990,т,1,0,0,https://www.kavstal.ru/public/assets/images/products/SORTOVOI_PROKAT/UGOLOK/img.webp,сортовой прокат;уголок;80x80;6;стальной;80x80x6;мм,80x80,6,ГОСТ 8509-93,т
Уголок,УГОЛОК,80x80,Уголок стальной 80x80x7 мм,"Уголок стальной 80x80x7 мм, сталь Ст3",7,51990,т,1,0,0,https://www.kavstal.ru/public/assets/images/products/SORTOVOI_PROKAT/UGOLOK/img.webp,сортовой прокат;уголок;80x80;7;стальной;80x80x7;мм,80x80,7,ГОСТ 8509-93,т
Уголок,УГОЛОК,80x80,Уголок стальной 80x80x8 мм,"Уголок стальной 80x80x8 мм, сталь Ст3",8,52490,т,1,0,0,https://www.kavstal.ru/public/assets/images/products/SORTOVOI_PROKAT/UGOLOK/img.webp,сортовой прокат;уголок;80x80;8;стальной;80x80x8;мм,80x80,8,ГОСТ 8509-93,т
Уголок,УГОЛОК,80x80 6м,Уголок стальной 80x80x6 мм,"Уголок стальной 80x80x6 мм, сталь Ст3",6,54990,т,1,0,0,https://www.kavstal.ru/public/assets/images/products/SORTOVOI_PROKAT/UGOLOK/img.webp,сортовой прокат;уголок;80x80 6м;6;стальной;80x80x6;мм,80x80 6м,6,ГОСТ 8509-93,т
Уголок,УГОЛОК,80x80 6м,Уголок стальной 80x80x8 мм,"Уголок стальной 80x80x8 мм, сталь Ст3",8,53490,т,1,0,0,https://www.kavstal.ru/public/assets/images/products/SORTOVOI_PROKAT/UGOLOK/img.webp,сортовой прокат;уголок;80x80 6м;8;стальной;80x80x8;мм,80x80 6м,8,ГОСТ 8509-93,т
Уголок,УГОЛОК,90x90,Уголок стальной 90x90x6 мм,"Уголок стальной 90x90x6 мм, сталь Ст3",6,50290,т,1,0,0,https://www.kavstal.ru/public/assets/images/products/SORTOVOI_PROKAT/UGOLOK/img.webp,сортовой прокат;уголок;90x90;6;стальной;90x90x6;мм,90x90,6,ГОСТ 8509-93,т
Уголок,УГОЛОК,90x90,Уголок стальной 90x90x6 мм,"Уголок стальной 90x90x6 мм, сталь Ст3",6,50490,т,1,0,0,https://www.kavstal.ru/public/assets/images/products/SORTOVOI_PROKAT/UGOLOK/img.webp,сортовой прокат;уголок;90x90;6;стальной;90x90x6;мм,90x90,6,ГОСТ 8509-93,т
Уголок,УГОЛОК,90x90,Уголок стальной 90x90x6 мм,"Уголок стальной 90x90x6 мм, сталь Ст3",6,50990,т,1,0,0,https://www.kavstal.ru/public/assets/images/products/SORTOVOI_PROKAT/UGOLOK/img.webp,сортовой прокат;уголок;90x90;6;стальной;90x90x6;мм,90x90,6,ГОСТ 8509-93,т
Уголок,УГОЛОК,90x90,Уголок стальной 90x90x7 мм,"Уголок стальной 90x90x7 мм, сталь Ст3",7,54290,т,1,0,0,https://www.kavstal.ru/public/assets/images/products/SORTOVOI_PROKAT/UGOLOK/img.webp,сортовой прокат;уголок;90x90;7;стальной;90x90x7;мм,90x90,7,ГОСТ 8509-93,т
Уголок,УГОЛОК,90x90,Уголок стальной 90x90x7 мм,"Уголок стальной 90x90x7 мм, сталь Ст3",7,54490,т,1,0,0,https://www.kavstal.ru/public/assets/images/products/SORTOVOI_PROKAT/UGOLOK/img.webp,сортовой прокат;уголок;90x90;7;стальной;90x90x7;мм,90x90,7,ГОСТ 8509-93,т
Уголок,УГОЛОК,90x90,Уголок стальной 90x90x8 мм,"Уголок стальной 90x90x8 мм, сталь Ст3",8,54990,т,1,0,0,https://www.kavstal.ru/public/assets/images/products/SORTOVOI_PROKAT/UGOLOK/img.webp,сортовой прокат;уголок;90x90;8;стальной;90x90x8;мм,90x90,8,ГОСТ 8509-93,т
Уголок,УГОЛОК,90x90,Уголок стальной 90x90x9 мм,"Уголок стальной 90x90x9 мм, сталь Ст3",9,52490,т,1,0,0,https://www.kavstal.ru/public/assets/images/products/SORTOVOI_PROKAT/UGOLOK/img.webp,сортовой прокат;уголок;90x90;9;стальной;90x90x9;мм,90x90,9,ГОСТ 8509-93,т
Уголок,УГОЛОК,90x90 6м,Уголок стальной 90x90x6 мм,"Уголок стальной 90x90x6 мм, сталь Ст3",6,50490,т,1,0,0,https://www.kavstal.ru/public/assets/images/products/SORTOVOI_PROKAT/UGOLOK/img.webp,сортовой прокат;уголок;90x90 6м;6;стальной;90x90x6;мм,90x90 6м,6,ГОСТ 8509-93,т
Уголок,УГОЛОК,90x90 6м,Уголок стальной 90x90x8 мм,"Уголок стальной 90x90x8 мм, сталь Ст3",8,52990,т,1,0,0,https://www.kavstal.ru/public/assets/images/products/SORTOVOI_PROKAT/UGOLOK/img.webp,сортовой прокат;уголок;90x90 6м;8;стальной;90x90x8;мм,90x90 6м,8,ГОСТ 8509-93,т
Уголок,УГОЛОК,100x100,Уголок стальной 100x100x7 мм,"Уголок стальной 100x100x7 мм, сталь Ст3",7,50290,т,1,0,0,https://www.kavstal.ru/public/assets/images/products/SORTOVOI_PROKAT/UGOLOK/img.webp,сортовой прокат;уголок;100x100;7;стальной;100x100x7;мм,100x100,7,ГОСТ 8509-93,т
Уголок,УГОЛОК,100x100,Уголок стальной 100x100x7 мм,"Уголок стальной 100x100x7 мм, сталь Ст3",7,50490,т,1,0,0,https://www.kavstal.ru/public/assets/images/products/SORTOVOI_PROKAT/UGOLOK/img.webp,сортовой прокат;уголок;100x100;7;стальной;100x100x7;мм,100x100,7,ГОСТ 8509-93,т
Уголок,УГОЛОК,100x100,Уголок стальной 100x100x7 мм,"Уголок стальной 100x100x7 мм, сталь Ст3",7,50990,т,1,0,0,https://www.kavstal.ru/public/assets/images/products/SORTOVOI_PROKAT/UGOLOK/img.webp,сортовой прокат;уголок;100x100;7;стальной;100x100x7;мм,100x100,7,ГОСТ 8509-93,т
Уголок,УГОЛОК,100x100,Уголок стальной 100x100x8 мм,"Уголок стальной 100x100x8 мм, сталь Ст3",8,49790,т,1,0,0,https://www.kavstal.ru/public/assets/images/products/SORTOVOI_PROKAT/UGOLOK/img.webp,сортовой прокат;уголок;100x100;8;стальной;100x100x8;мм,100x100,8,ГОСТ 8509-93,т
Уголок,УГОЛОК,100x100,Уголок стальной 100x100x8 мм,"Уголок стальной 100x100x8 мм, сталь Ст3",8,49990,т,1,0,0,https://www.kavstal.ru/public/assets/images/products/SORTOVOI_PROKAT/UGOLOK/img.webp,сортовой прокат;уголок;100x100;8;стальной;100x100x8;мм,100x100,8,ГОСТ 8509-93,т
Уголок,УГОЛОК,100x100,Уголок стальной 100x100x8 мм,"Уголок стальной 100x100x8 мм, сталь Ст3",8,50490,т,1,0,0,https://www.kavstal.ru/public/assets/images/products/SORTOVOI_PROKAT/UGOLOK/img.webp,сортовой прокат;уголок;100x100;8;стальной;100x100x8;мм,100x100,8,ГОСТ 8509-93,т
Уголок,УГОЛОК,100x100,Уголок стальной 100x100x10 мм,"Уголок стальной 100x100x10 мм, сталь Ст3",10,52790,т,1,0,0,https://www.kavstal.ru/public/assets/images/products/SORTOVOI_PROKAT/UGOLOK/img.webp,сортовой прокат;уголок;100x100;10;стальной;100x100x10;мм,100x100,10,ГОСТ 8509-93,т
Уголок,УГОЛОК,100x100,Уголок стальной 100x100x10 мм,"Уголок стальной 100x100x10 мм, сталь Ст3",10,52990,т,1,0,0,https://www.kavstal.ru/public/assets/images/products/SORTOVOI_PROKAT/UGOLOK/img.webp,сортовой прокат;уголок;100x100;10;стальной;100x100x10;мм,100x100,10,ГОСТ 8509-93,т
Уголок,УГОЛОК,100x100,Уголок стальной 100x100x10 мм,"Уголок стальной 100x100x10 мм, сталь Ст3",10,53490,т,1,0,0,https://www.kavstal.ru/public/assets/images/products/SORTOVOI_PROKAT/UGOLOK/img.webp,сортовой прокат;уголок;100x100;10;стальной;100x100x10;мм,100x100,10,ГОСТ 8509-93,т
Уголок,УГОЛОК,100x100,Уголок стальной 100x100x12 мм,"Уголок стальной 100x100x12 мм, сталь Ст3",12,49990,т,1,0,0,https://www.kavstal.ru/public/assets/images/products/SORTOVOI_PROKAT/UGOLOK/img.webp,сортовой прокат;уголок;100x100;12;стальной;100x100x12;мм,100x100,12,ГОСТ 8509-93,т
Уголок,УГОЛОК,100x100 6м,Уголок стальной 100x100x7 мм,"Уголок стальной 100x100x7 мм, сталь Ст3",7,50290,т,1,0,0,https://www.kavstal.ru/public/assets/images/products/SORTOVOI_PROKAT/UGOLOK/img.webp,сортовой прокат;уголок;100x100 6м;7;стальной;100x100x7;мм,100x100 6м,7,ГОСТ 8509-93,т
Уголок,УГОЛОК,100x100 6м,Уголок стальной 100x100x7 мм,"Уголок стальной 100x100x7 мм, сталь Ст3",7,50490,т,1,0,0,https://www.kavstal.ru/public/assets/images/products/SORTOVOI_PROKAT/UGOLOK/img.webp,сортовой прокат;уголок;100x100 6м;7;стальной;100x100x7;мм,100x100 6м,7,ГОСТ 8509-93,т
Уголок,УГОЛОК,100x100 6м,Уголок стальной 100x100x7 мм,"Уголок стальной 100x100x7 мм, сталь Ст3",7,50990,т,1,0,0,https://www.kavstal.ru/public/assets/images/products/SORTOVOI_PROKAT/UGOLOK/img.webp,сортовой прокат;уголок;100x100 6м;7;стальной;100x100x7;мм,100x100 6м,7,ГОСТ 8509-93,т
Уголок,УГОЛОК,100x100 6м,Уголок стальной 100x100x8 мм,"Уголок стальной 100x100x8 мм, сталь Ст3",8,49790,т,1,0,0,https://www.kavstal.ru/public/assets/images/products/SORTOVOI_PROKAT/UGOLOK/img.webp,сортовой прокат;уголок;100x100 6м;8;стальной;100x100x8;мм,100x100 6м,8,ГОСТ 8509-93,т
Уголок,УГОЛОК,100x100 6м,Уголок стальной 100x100x8 мм,"Уголок стальной 100x100x8 мм, сталь Ст3",8,49990,т,1,0,0,https://www.kavstal.ru/public/assets/images/products/SORTOVOI_PROKAT/UGOLOK/img.webp,сортовой прокат;уголок;100x100 6м;8;стальной;100x100x8;мм,100x100 6м,8,ГОСТ 8509-93,т
Уголок,УГОЛОК,100x100 6м,Уголок стальной 100x100x8 мм,"Уголок стальной 100x100x8 мм, сталь Ст3",8,50490,т,1,0,0,https://www.kavstal.ru/public/assets/images/products/SORTOVOI_PROKAT/UGOLOK/img.webp,сортовой прокат;уголок;100x100 6м;8;стальной;100x100x8;мм,100x100 6м,8,ГОСТ 8509-93,т
Уголок,УГОЛОК,100x100 6м,Уголок стальной 100x100x10 мм,"Уголок стальной 100x100x10 мм, сталь Ст3",10,53490,т,1,0,0,https://www.kavstal.ru/public/assets/images/products/SORTOVOI_PROKAT/UGOLOK/img.webp,сортовой прокат;уголок;100x100 6м;10;стальной;100x100x10;мм,100x100 6м,10,ГОСТ 8509-93,т
Уголок,УГОЛОК,100x100 н/д,Уголок стальной 100x100x12 мм,"Уголок стальной 100x100x12 мм, сталь Ст3",12,44990,т,1,0,0,https://www.kavstal.ru/public/assets/images/products/SORTOVOI_PROKAT/UGOLOK/img.webp,сортовой прокат;уголок;100x100 н/д;12;стальной;100x100x12;мм,100x100 н/д,12,ГОСТ 8509-93,т
Уголок,УГОЛОК,110x110,Уголок стальной 110x110x7 мм,"Уголок стальной 110x110x7 мм, сталь Ст3",7,53290,т,1,0,0,https://www.kavstal.ru/public/assets/images/products/SORTOVOI_PROKAT/UGOLOK/img.webp,сортовой прокат;уголок;110x110;7;стальной;110x110x7;мм,110x110,7,ГОСТ 8509-93,т
Уголок,УГОЛОК,110x110,Уголок стальной 110x110x7 мм,"Уголок стальной 110x110x7 мм, сталь Ст3",7,53990,т,1,0,0,https://www.kavstal.ru/public/assets/images/products/SORTOVOI_PROKAT/UGOLOK/img.webp,сортовой прокат;уголок;110x110;7;стальной;110x110x7;мм,110x110,7,ГОСТ 8509-93,т
Уголок,УГОЛОК,110x110,Уголок стальной 110x110x8 мм,"Уголок стальной 110x110x8 мм, сталь Ст3",8,53290,т,1,0,0,https://www.kavstal.ru/public/assets/images/products/SORTOVOI_PROKAT/UGOLOK/img.webp,сортовой прокат;уголок;110x110;8;стальной;110x110x8;мм,110x110,8,ГОСТ 8509-93,т
Уголок,УГОЛОК,110x110,Уголок стальной 110x110x8 мм,"Уголок стальной 110x110x8 мм, сталь Ст3",8,53490,т,1,0,0,https://www.kavstal.ru/public/assets/images/products/SORTOVOI_PROKAT/UGOLOK/img.webp,сортовой прокат;уголок;110x110;8;стальной;110x110x8;мм,110x110,8,ГОСТ 8509-93,т
Уголок,УГОЛОК,110x110,Уголок стальной 110x110x8 мм,"Уголок стальной 110x110x8 мм, сталь Ст3",8,53990,т,1,0,0,https://www.kavstal.ru/public/assets/images/products/SORTOVOI_PROKAT/UGOLOK/img.webp,сортовой прокат;уголок;110x110;8;стальной;110x110x8;мм,110x110,8,ГОСТ 8509-93,т
Уголок,УГОЛОК,125x125,Уголок стальной 125x125x8 мм,"Уголок стальной 125x125x8 мм, сталь Ст3",8,53790,т,1,0,0,https://www.kavstal.ru/public/assets/images/products/SORTOVOI_PROKAT/UGOLOK/img.webp,сортовой прокат;уголок;125x125;8;стальной;125x125x8;мм,125x125,8,ГОСТ 8509-93,т
Уголок,УГОЛОК,125x125,Уголок стальной 125x125x8 мм,"Уголок стальной 125x125x8 мм, сталь Ст3",8,53990,т,1,0,0,https://www.kavstal.ru/public/assets/images/products/SORTOVOI_PROKAT/UGOLOK/img.webp,сортовой прокат;уголок;125x125;8;стальной;125x125x8;мм,125x125,8,ГОСТ 8509-93,т
Уголок,УГОЛОК,125x125,Уголок стальной 125x125x8 мм,"Уголок стальной 125x125x8 мм, сталь Ст3",8,54490,т,1,0,0,https://www.kavstal.ru/public/assets/images/products/SORTOVOI_PROKAT/UGOLOK/img.webp,сортовой прокат;уголок;125x125;8;стальной;125x125x8;мм,125x125,8,ГОСТ 8509-93,т
Уголок,УГОЛОК,125x125,Уголок стальной 125x125x9 мм,"Уголок стальной 125x125x9 мм, сталь Ст3",9,55490,т,1,0,0,https://www.kavstal.ru/public/assets/images/products/SORTOVOI_PROKAT/UGOLOK/img.webp,сортовой прокат;уголок;125x125;9;стальной;125x125x9;мм,125x125,9,ГОСТ 8509-93,т
Уголок,УГОЛОК,125x125,Уголок стальной 125x125x10 мм,"Уголок стальной 125x125x10 мм, сталь Ст3",10,52290,т,1,0,0,https://www.kavstal.ru/public/assets/images/products/SORTOVOI_PROKAT/UGOLOK/img.webp,сортовой прокат;уголок;125x125;10;стальной;125x125x10;мм,125x125,10,ГОСТ 8509-93,т
Уголок,УГОЛОК,125x125,Уголок стальной 125x125x10 мм,"Уголок стальной 125x125x10 мм, сталь Ст3",10,52490,т,1,0,0,https://www.kavstal.ru/public/assets/images/products/SORTOVOI_PROKAT/UGOLOK/img.webp,сортовой прокат;уголок;125x125;10;стальной;125x125x10;мм,125x125,10,ГОСТ 8509-93,т
Уголок,УГОЛОК,125x125,Уголок стальной 125x125x10 мм,"Уголок стальной 125x125x10 мм, сталь Ст3",10,52990,т,1,0,0,https://www.kavstal.ru/public/assets/images/products/SORTOVOI_PROKAT/UGOLOK/img.webp,сортовой прокат;уголок;125x125;10;стальной;125x125x10;мм,125x125,10,ГОСТ 8509-93,т
Уголок,УГОЛОК,125x125,Уголок стальной 125x125x12 мм,"Уголок стальной 125x125x12 мм, сталь Ст3",12,53490,т,1,0,0,https://www.kavstal.ru/public/assets/images/products/SORTOVOI_PROKAT/UGOLOK/img.webp,сортовой прокат;уголок;125x125;12;стальной;125x125x12;мм,125x125,12,ГОСТ 8509-93,т
Уголок,УГОЛОК,125x125,Уголок стальной 125x125x12 мм,"Уголок стальной 125x125x12 мм, сталь Ст3",12,53990,т,1,0,0,https://www.kavstal.ru/public/assets/images/products/SORTOVOI_PROKAT/UGOLOK/img.webp,сортовой прокат;уголок;125x125;12;стальной;125x125x12;мм,125x125,12,ГОСТ 8509-93,т
Уголок,УГОЛОК,140x140,Уголок стальной 140x140x9 мм,"Уголок стальной 140x140x9 мм, сталь Ст3",9,87990,т,1,0,0,https://www.kavstal.ru/public/assets/images/products/SORTOVOI_PROKAT/UGOLOK/img.webp,сортовой прокат;уголок;140x140;9;стальной;140x140x9;мм,140x140,9,ГОСТ 8509-93,т
Уголок,УГОЛОК,140x140,Уголок стальной 140x140x10 мм,"Уголок стальной 140x140x10 мм, сталь Ст3",10,89990,т,1,0,0,https://www.kavstal.ru/public/assets/images/products/SORTOVOI_PROKAT/UGOLOK/img.webp,сортовой прокат;уголок;140x140;10;стальной;140x140x10;мм,140x140,10,ГОСТ 8509-93,т
Уголок,УГОЛОК,140x140,Уголок стальной 140x140x12 мм,"Уголок стальной 140x140x12 мм, сталь Ст3",12,94990,т,1,0,0,https://www.kavstal.ru/public/assets/images/products/SORTOVOI_PROKAT/UGOLOK/img.webp,сортовой прокат;уголок;140x140;12;стальной;140x140x12;мм,140x140,12,ГОСТ 8509-93,т
Уголок,УГОЛОК,160x160,Уголок стальной 160x160x10 мм,"Уголок стальной 160x160x10 мм, сталь Ст3",10,116990,т,1,0,0,https://www.kavstal.ru/public/assets/images/products/SORTOVOI_PROKAT/UGOLOK/img.webp,сортовой прокат;уголок;160x160;10;стальной;160x160x10;мм,160x160,10,ГОСТ 8509-93,т
Уголок,УГОЛОК,160x160,Уголок стальной 160x160x12 мм,"Уголок стальной 160x160x12 мм, сталь Ст3",12,119990,т,1,0,0,https://www.kavstal.ru/public/assets/images/products/SORTOVOI_PROKAT/UGOLOK/img.webp,сортовой прокат;уголок;160x160;12;стальной;160x160x12;мм,160x160,12,ГОСТ 8509-93,т
Уголок,УГОЛОК,160x160,Уголок стальной 160x160x14 мм,"Уголок стальной 160x160x14 мм, сталь Ст3",14,114990,т,1,0,0,https://www.kavstal.ru/public/assets/images/products/SORTOVOI_PROKAT/UGOLOK/img.webp,сортовой прокат;уголок;160x160;14;стальной;160x160x14;мм,160x160,14,ГОСТ 8509-93,т
Уголок,УГОЛОК,160x160,Уголок стальной 160x160x16 мм,"Уголок стальной 160x160x16 мм, сталь Ст3",16,116990,т,1,0,0,https://www.kavstal.ru/public/assets/images/products/SORTOVOI_PROKAT/UGOLOK/img.webp,сортовой прокат;уголок;160x160;16;стальной;160x160x16;мм,160x160,16,ГОСТ 8509-93,т
Уголок,УГОЛОК,160x160,Уголок стальной 160x160x20 мм,"Уголок стальной 160x160x20 мм, сталь Ст3",20,129990,т,1,0,0,https://www.kavstal.ru/public/assets/images/products/SORTOVOI_PROKAT/UGOLOK/img.webp,сортовой прокат;уголок;160x160;20;стальной;160x160x20;мм,160x160,20,ГОСТ 8509-93,т
Уголок,УГОЛОК,180x180,Уголок стальной 180x180x11 мм,"Уголок стальной 180x180x11 мм, сталь Ст3",11,123490,т,1,0,0,https://www.kavstal.ru/public/assets/images/products/SORTOVOI_PROKAT/UGOLOK/img.webp,сортовой прокат;уголок;180x180;11;стальной;180x180x11;мм,180x180,11,ГОСТ 8509-93,т
Уголок,УГОЛОК,180x180,Уголок стальной 180x180x12 мм,"Уголок стальной 180x180x12 мм, сталь Ст3",12,119990,т,1,0,0,https://www.kavstal.ru/public/assets/images/products/SORTOVOI_PROKAT/UGOLOK/img.webp,сортовой прокат;уголок;180x180;12;стальной;180x180x12;мм,180x180,12,ГОСТ 8509-93,т
Уголок,УГОЛОК,200x200,Уголок стальной 200x200x12 мм,"Уголок стальной 200x200x12 мм, сталь Ст3",12,127490,т,1,0,0,https://www.kavstal.ru/public/assets/images/products/SORTOVOI_PROKAT/UGOLOK/img.webp,сортовой прокат;уголок;200x200;12;14;16;20;25;стальной;200x200x12;мм,200x200,12 ; 14; 16; 20; 25,ГОСТ 8509-93,т
Уголок,УГОЛОК,150x150,Уголок стальной 150x150x10 мм,"Уголок стальной 150x150x10 мм, сталь Ст3",10,85990,т,1,0,0,https://www.kavstal.ru/public/assets/images/products/SORTOVOI_PROKAT/UGOLOK/img.webp,сортовой прокат;уголок;150x150;10;стальной;150x150x10;мм,150x150,10,ГОСТ 8509-93,т
Уголок,УГОЛОК,150x150,Уголок стальной 150x150x12 мм,"Уголок стальной 150x150x12 мм, сталь Ст3",12,85990,т,1,0,0,https://www.kavstal.ru/public/assets/images/products/SORTOVOI_PROKAT/UGOLOK/img.webp,сортовой прокат;уголок;150x150;12;стальной;150x150x12;мм,150x150,12,ГОСТ 8509-93,т
Уголок,УГОЛОК,150x150,Уголок стальной 150x150x15 мм,"Уголок стальной 150x150x15 мм, сталь Ст3",15,85990,т,1,0,0,https://www.kavstal.ru/public/assets/images/products/SORTOVOI_PROKAT/UGOLOK/img.webp,сортовой прокат;уголок;150x150;15;стальной;150x150x15;мм,150x150,15,ГОСТ 8509-93,т
